timestamp,datetime,pwm_right,vel_right
1757616564.0682204,2025-09-11 15:49:24.068,185,0.03
1757616564.0894866,2025-09-11 15:49:24.089,185,0.03
1757616564.120782,2025-09-11 15:49:24.120,185,0.03
1757616564.1524644,2025-09-11 15:49:24.152,185,0.03
1757616564.1839235,2025-09-11 15:49:24.183,185,0.05
1757616564.2154832,2025-09-11 15:49:24.215,185,0.05
1757616564.2367237,2025-09-11 15:49:24.236,185,0.05
1757616564.2682374,2025-09-11 15:49:24.268,185,0.05
1757616564.2998137,2025-09-11 15:49:24.299,185,0.09
1757616564.3312616,2025-09-11 15:49:24.331,185,0.09
1757616564.3621542,2025-09-11 15:49:24.362,185,0.09
1757616564.3833838,2025-09-11 15:49:24.383,185,0.09
1757616564.4148138,2025-09-11 15:49:24.414,185,0.1
1757616564.4461353,2025-09-11 15:49:24.446,185,0.1
1757616564.4773858,2025-09-11 15:49:24.477,185,0.1
1757616564.508603,2025-09-11 15:49:24.508,185,0.1
1757616564.529758,2025-09-11 15:49:24.529,185,0.12
1757616564.5611572,2025-09-11 15:49:24.561,185,0.12
1757616564.5927198,2025-09-11 15:49:24.592,185,0.12
1757616564.6243749,2025-09-11 15:49:24.624,185,0.12
1757616564.6557684,2025-09-11 15:49:24.655,185,0.13
1757616564.6769829,2025-09-11 15:49:24.676,185,0.13
1757616564.7083955,2025-09-11 15:49:24.708,185,0.13
1757616564.739916,2025-09-11 15:49:24.739,185,0.13
1757616564.771519,2025-09-11 15:49:24.771,185,0.13
1757616564.8030715,2025-09-11 15:49:24.803,185,0.13
1757616564.8242958,2025-09-11 15:49:24.824,185,0.13
1757616564.85563,2025-09-11 15:49:24.855,185,0.13
1757616564.8870623,2025-09-11 15:49:24.887,185,0.15
1757616564.9184926,2025-09-11 15:49:24.918,185,0.15
1757616564.9397748,2025-09-11 15:49:24.939,185,0.15
1757616564.9712539,2025-09-11 15:49:24.971,185,0.15
1757616565.0028195,2025-09-11 15:49:25.002,185,0.15
1757616565.0345588,2025-09-11 15:49:25.034,185,0.15
1757616565.066356,2025-09-11 15:49:25.066,185,0.15
1757616565.0878258,2025-09-11 15:49:25.087,185,0.15
1757616565.1195147,2025-09-11 15:49:25.119,185,0.15
1757616565.1512425,2025-09-11 15:49:25.151,185,0.15
1757616565.1830113,2025-09-11 15:49:25.183,185,0.15
1757616565.204426,2025-09-11 15:49:25.204,185,0.15
1757616565.2356582,2025-09-11 15:49:25.235,185,0.16
1757616565.266993,2025-09-11 15:49:25.266,185,0.16
1757616565.2982743,2025-09-11 15:49:25.298,185,0.16
1757616565.3298154,2025-09-11 15:49:25.329,185,0.16
1757616565.3510907,2025-09-11 15:49:25.351,185,0.17
1757616565.3824234,2025-09-11 15:49:25.382,185,0.17
1757616565.4136999,2025-09-11 15:49:25.413,185,0.17
1757616565.444985,2025-09-11 15:49:25.444,185,0.17
1757616565.4764364,2025-09-11 15:49:25.476,185,0.17
1757616565.4976645,2025-09-11 15:49:25.497,185,0.17
1757616565.5291045,2025-09-11 15:49:25.529,185,0.17
1757616565.5604584,2025-09-11 15:49:25.560,185,0.17
1757616565.5917811,2025-09-11 15:49:25.591,185,0.15
1757616565.6230698,2025-09-11 15:49:25.623,185,0.15
1757616565.644301,2025-09-11 15:49:25.644,185,0.15
1757616565.6755693,2025-09-11 15:49:25.675,185,0.15
1757616565.7070827,2025-09-11 15:49:25.707,185,0.15
1757616565.7385979,2025-09-11 15:49:25.738,185,0.15
1757616565.7702296,2025-09-11 15:49:25.770,185,0.15
1757616565.7914937,2025-09-11 15:49:25.791,185,0.15
1757616565.8228369,2025-09-11 15:49:25.822,185,0.16
1757616565.8541696,2025-09-11 15:49:25.854,185,0.16
1757616565.885438,2025-09-11 15:49:25.885,185,0.16
1757616565.9161363,2025-09-11 15:49:25.916,185,0.16
1757616565.9371583,2025-09-11 15:49:25.937,185,0.16
1757616565.9683592,2025-09-11 15:49:25.968,185,0.16
1757616565.9998765,2025-09-11 15:49:25.999,185,0.16
1757616566.0313866,2025-09-11 15:49:26.031,185,0.16
1757616566.0626888,2025-09-11 15:49:26.062,185,0.16
1757616566.0839024,2025-09-11 15:49:26.083,185,0.16
1757616566.1149144,2025-09-11 15:49:26.114,185,0.16
1757616566.1463618,2025-09-11 15:49:26.146,185,0.16
1757616566.1778138,2025-09-11 15:49:26.177,185,0.17
1757616566.2093782,2025-09-11 15:49:26.209,185,0.17
1757616566.2306454,2025-09-11 15:49:26.230,185,0.17
1757616566.2618864,2025-09-11 15:49:26.261,185,0.17
1757616566.2931345,2025-09-11 15:49:26.293,185,0.16
1757616566.3236933,2025-09-11 15:49:26.323,185,0.16
1757616566.354912,2025-09-11 15:49:26.354,185,0.16
1757616566.3864384,2025-09-11 15:49:26.386,185,0.16
1757616566.4075758,2025-09-11 15:49:26.407,185,0.15
1757616566.4389205,2025-09-11 15:49:26.438,185,0.15
1757616566.4702415,2025-09-11 15:49:26.470,185,0.15
1757616566.5018017,2025-09-11 15:49:26.501,185,0.15
1757616566.5332623,2025-09-11 15:49:26.533,185,0.16
1757616566.5544488,2025-09-11 15:49:26.554,185,0.16
1757616566.5857959,2025-09-11 15:49:26.585,185,0.16
1757616566.617098,2025-09-11 15:49:26.617,185,0.16
1757616566.6477473,2025-09-11 15:49:26.647,185,0.16
1757616566.6790042,2025-09-11 15:49:26.679,185,0.16
1757616566.7000377,2025-09-11 15:49:26.700,185,0.16
1757616566.7315743,2025-09-11 15:49:26.731,185,0.16
1757616566.7629,2025-09-11 15:49:26.762,185,0.17
1757616566.794272,2025-09-11 15:49:26.794,185,0.17
1757616566.8255625,2025-09-11 15:49:26.825,185,0.17
1757616566.8467917,2025-09-11 15:49:26.846,185,0.17
1757616566.8780773,2025-09-11 15:49:26.878,185,0.16
1757616566.9094834,2025-09-11 15:49:26.909,185,0.16
1757616566.940788,2025-09-11 15:49:26.940,185,0.16
1757616566.9725418,2025-09-11 15:49:26.972,185,0.16
1757616566.9936416,2025-09-11 15:49:26.993,190,0.16
1757616567.0251749,2025-09-11 15:49:27.025,190,0.16
1757616567.0566418,2025-09-11 15:49:27.056,190,0.16
1757616567.0880802,2025-09-11 15:49:27.088,190,0.16
1757616567.1196296,2025-09-11 15:49:27.119,190,0.17
1757616567.1408834,2025-09-11 15:49:27.140,190,0.17
1757616567.172396,2025-09-11 15:49:27.172,190,0.17
1757616567.20399,2025-09-11 15:49:27.203,190,0.17
1757616567.2354426,2025-09-11 15:49:27.235,190,0.18
1757616567.2566926,2025-09-11 15:49:27.256,190,0.18
1757616567.2883554,2025-09-11 15:49:27.288,190,0.18
1757616567.3200138,2025-09-11 15:49:27.320,190,0.18
1757616567.3516738,2025-09-11 15:49:27.351,190,0.18
1757616567.3833008,2025-09-11 15:49:27.383,190,0.18
1757616567.4045198,2025-09-11 15:49:27.404,190,0.18
1757616567.4358456,2025-09-11 15:49:27.435,190,0.18
1757616567.4671218,2025-09-11 15:49:27.467,190,0.17
1757616567.4985363,2025-09-11 15:49:27.498,190,0.17
1757616567.5298846,2025-09-11 15:49:27.529,190,0.17
1757616567.5510445,2025-09-11 15:49:27.551,190,0.17
1757616567.5827816,2025-09-11 15:49:27.582,190,0.17
1757616567.614402,2025-09-11 15:49:27.614,190,0.17
1757616567.6457295,2025-09-11 15:49:27.645,190,0.17
1757616567.6770754,2025-09-11 15:49:27.677,190,0.17
1757616567.69826,2025-09-11 15:49:27.698,190,0.18
1757616567.7294457,2025-09-11 15:49:27.729,190,0.18
1757616567.7607,2025-09-11 15:49:27.760,190,0.18
1757616567.7922597,2025-09-11 15:49:27.792,190,0.18
1757616567.8238826,2025-09-11 15:49:27.823,190,0.17
1757616567.8451736,2025-09-11 15:49:27.845,190,0.17
1757616567.8765895,2025-09-11 15:49:27.876,190,0.17
1757616567.9080613,2025-09-11 15:49:27.908,190,0.17
1757616567.938747,2025-09-11 15:49:27.938,190,0.19
1757616567.9699745,2025-09-11 15:49:27.969,190,0.19
1757616567.991131,2025-09-11 15:49:27.991,190,0.19
1757616568.0226164,2025-09-11 15:49:28.022,190,0.19
1757616568.0541823,2025-09-11 15:49:28.054,190,0.18
1757616568.0856571,2025-09-11 15:49:28.085,190,0.18
1757616568.1173763,2025-09-11 15:49:28.117,190,0.18
1757616568.1386683,2025-09-11 15:49:28.138,190,0.18
1757616568.170076,2025-09-11 15:49:28.170,190,0.18
1757616568.2014453,2025-09-11 15:49:28.201,190,0.18
1757616568.232996,2025-09-11 15:49:28.232,190,0.18
1757616568.254309,2025-09-11 15:49:28.254,190,0.18
1757616568.2857866,2025-09-11 15:49:28.285,190,0.18
1757616568.317538,2025-09-11 15:49:28.317,190,0.18
1757616568.3491507,2025-09-11 15:49:28.349,190,0.18
1757616568.3807075,2025-09-11 15:49:28.380,190,0.18
1757616568.4021924,2025-09-11 15:49:28.402,190,0.18
1757616568.4339201,2025-09-11 15:49:28.433,190,0.18
1757616568.4653602,2025-09-11 15:49:28.465,190,0.18
1757616568.496987,2025-09-11 15:49:28.496,190,0.18
1757616568.5184236,2025-09-11 15:49:28.518,190,0.18
1757616568.5501385,2025-09-11 15:49:28.550,190,0.18
1757616568.5818353,2025-09-11 15:49:28.581,190,0.18
1757616568.6136074,2025-09-11 15:49:28.613,190,0.18
1757616568.6452892,2025-09-11 15:49:28.645,190,0.18
1757616568.666685,2025-09-11 15:49:28.666,190,0.18
1757616568.6982825,2025-09-11 15:49:28.698,190,0.18
1757616568.729892,2025-09-11 15:49:28.729,190,0.18
1757616568.761654,2025-09-11 15:49:28.761,190,0.19
1757616568.7831075,2025-09-11 15:49:28.783,190,0.19
1757616568.8147225,2025-09-11 15:49:28.814,190,0.19
1757616568.8463252,2025-09-11 15:49:28.846,190,0.19
1757616568.8780682,2025-09-11 15:49:28.878,190,0.19
1757616568.8994663,2025-09-11 15:49:28.899,190,0.19
1757616568.9310613,2025-09-11 15:49:28.931,190,0.19
1757616568.962786,2025-09-11 15:49:28.962,190,0.19
1757616568.994287,2025-09-11 15:49:28.994,190,0.19
1757616569.0260296,2025-09-11 15:49:29.026,190,0.19
1757616569.0473258,2025-09-11 15:49:29.047,190,0.19
1757616569.0788898,2025-09-11 15:49:29.078,190,0.19
1757616569.110173,2025-09-11 15:49:29.110,190,0.18
1757616569.1414666,2025-09-11 15:49:29.141,190,0.18
1757616569.1727629,2025-09-11 15:49:29.172,190,0.18
1757616569.1939633,2025-09-11 15:49:29.193,190,0.18
1757616569.2252698,2025-09-11 15:49:29.225,190,0.18
1757616569.2565315,2025-09-11 15:49:29.256,190,0.18
1757616569.2881877,2025-09-11 15:49:29.288,190,0.18
1757616569.3198304,2025-09-11 15:49:29.319,190,0.18
1757616569.3412926,2025-09-11 15:49:29.341,190,0.18
1757616569.3728244,2025-09-11 15:49:29.372,190,0.18
1757616569.4042747,2025-09-11 15:49:29.404,190,0.18
1757616569.4355679,2025-09-11 15:49:29.435,190,0.18
1757616569.4567814,2025-09-11 15:49:29.456,190,0.18
1757616569.4881134,2025-09-11 15:49:29.488,190,0.18
1757616569.5196764,2025-09-11 15:49:29.519,190,0.18
1757616569.551014,2025-09-11 15:49:29.551,190,0.18
1757616569.5822597,2025-09-11 15:49:29.582,190,0.19
1757616569.6033359,2025-09-11 15:49:29.603,190,0.19
1757616569.6346672,2025-09-11 15:49:29.634,190,0.19
1757616569.6661217,2025-09-11 15:49:29.666,190,0.19
1757616569.69773,2025-09-11 15:49:29.697,190,0.18
1757616569.7294736,2025-09-11 15:49:29.729,190,0.18
1757616569.7509289,2025-09-11 15:49:29.750,190,0.18
1757616569.782658,2025-09-11 15:49:29.782,190,0.18
1757616569.8143077,2025-09-11 15:49:29.814,190,0.18
1757616569.8460033,2025-09-11 15:49:29.846,190,0.18
1757616569.867475,2025-09-11 15:49:29.867,190,0.18
1757616569.8990679,2025-09-11 15:49:29.899,190,0.18
1757616569.9304829,2025-09-11 15:49:29.930,190,0.18
1757616569.9619765,2025-09-11 15:49:29.961,190,0.18
1757616569.9931555,2025-09-11 15:49:29.993,190,0.18
1757616570.0143557,2025-09-11 15:49:30.014,195,0.18
1757616570.045723,2025-09-11 15:49:30.045,195,0.18
1757616570.077301,2025-09-11 15:49:30.077,195,0.18
1757616570.108667,2025-09-11 15:49:30.108,195,0.18
1757616570.1402388,2025-09-11 15:49:30.140,195,0.18
1757616570.1614878,2025-09-11 15:49:30.161,195,0.2
1757616570.193063,2025-09-11 15:49:30.193,195,0.2
1757616570.2246416,2025-09-11 15:49:30.224,195,0.2
1757616570.256284,2025-09-11 15:49:30.256,195,0.2
1757616570.2777264,2025-09-11 15:49:30.277,195,0.19
1757616570.3094823,2025-09-11 15:49:30.309,195,0.19
1757616570.3412416,2025-09-11 15:49:30.341,195,0.19
1757616570.3728862,2025-09-11 15:49:30.372,195,0.19
1757616570.4044926,2025-09-11 15:49:30.404,195,0.2
1757616570.4259167,2025-09-11 15:49:30.425,195,0.2
1757616570.4575257,2025-09-11 15:49:30.457,195,0.2
1757616570.4891212,2025-09-11 15:49:30.489,195,0.2
1757616570.520565,2025-09-11 15:49:30.520,195,0.21
1757616570.541812,2025-09-11 15:49:30.541,195,0.21
1757616570.5733652,2025-09-11 15:49:30.573,195,0.21
1757616570.6049428,2025-09-11 15:49:30.604,195,0.21
1757616570.6364052,2025-09-11 15:49:30.636,195,0.2
1757616570.6679337,2025-09-11 15:49:30.667,195,0.2
1757616570.6892235,2025-09-11 15:49:30.689,195,0.2
1757616570.7207649,2025-09-11 15:49:30.720,195,0.2
1757616570.7523706,2025-09-11 15:49:30.752,195,0.19
1757616570.7838411,2025-09-11 15:49:30.783,195,0.19
1757616570.815287,2025-09-11 15:49:30.815,195,0.19
1757616570.8365557,2025-09-11 15:49:30.836,195,0.19
1757616570.8679707,2025-09-11 15:49:30.867,195,0.2
1757616570.8993962,2025-09-11 15:49:30.899,195,0.2
1757616570.9308207,2025-09-11 15:49:30.930,195,0.2
1757616570.962132,2025-09-11 15:49:30.962,195,0.2
1757616570.9833515,2025-09-11 15:49:30.983,195,0.2
1757616571.0147743,2025-09-11 15:49:31.014,195,0.2
1757616571.046112,2025-09-11 15:49:31.046,195,0.2
1757616571.0777562,2025-09-11 15:49:31.077,195,0.2
1757616571.0991304,2025-09-11 15:49:31.099,195,0.2
1757616571.1307433,2025-09-11 15:49:31.130,195,0.2
1757616571.162311,2025-09-11 15:49:31.162,195,0.2
1757616571.1939068,2025-09-11 15:49:31.193,195,0.2
1757616571.2255259,2025-09-11 15:49:31.225,195,0.21
1757616571.2469537,2025-09-11 15:49:31.246,195,0.21
1757616571.278624,2025-09-11 15:49:31.278,195,0.21
1757616571.3101337,2025-09-11 15:49:31.310,195,0.21
1757616571.3418515,2025-09-11 15:49:31.341,195,0.2
1757616571.363316,2025-09-11 15:49:31.363,195,0.2
1757616571.3950775,2025-09-11 15:49:31.395,195,0.2
1757616571.4266956,2025-09-11 15:49:31.426,195,0.2
1757616571.4584186,2025-09-11 15:49:31.458,195,0.2
1757616571.4897356,2025-09-11 15:49:31.489,195,0.2
1757616571.510954,2025-09-11 15:49:31.510,195,0.2
1757616571.5424874,2025-09-11 15:49:31.542,195,0.2
1757616571.5730674,2025-09-11 15:49:31.573,195,0.2
1757616571.6042793,2025-09-11 15:49:31.604,195,0.2
1757616571.6357028,2025-09-11 15:49:31.635,195,0.2
1757616571.656606,2025-09-11 15:49:31.656,195,0.2
1757616571.6879954,2025-09-11 15:49:31.687,195,0.21
1757616571.719366,2025-09-11 15:49:31.719,195,0.21
1757616571.7507358,2025-09-11 15:49:31.750,195,0.21
1757616571.7821996,2025-09-11 15:49:31.782,195,0.21
1757616571.8034549,2025-09-11 15:49:31.803,195,0.2
1757616571.8348732,2025-09-11 15:49:31.834,195,0.2
1757616571.866185,2025-09-11 15:49:31.866,195,0.2
1757616571.897603,2025-09-11 15:49:31.897,195,0.2
1757616571.929039,2025-09-11 15:49:31.929,195,0.21
1757616571.9502938,2025-09-11 15:49:31.950,195,0.21
1757616571.981976,2025-09-11 15:49:31.981,195,0.21
1757616572.0130503,2025-09-11 15:49:32.013,195,0.21
1757616572.0442445,2025-09-11 15:49:32.044,195,0.21
1757616572.0757027,2025-09-11 15:49:32.075,195,0.21
1757616572.0971282,2025-09-11 15:49:32.097,195,0.21
1757616572.1287374,2025-09-11 15:49:32.128,195,0.21
1757616572.160459,2025-09-11 15:49:32.160,195,0.21
1757616572.1923008,2025-09-11 15:49:32.192,195,0.21
1757616572.2137551,2025-09-11 15:49:32.213,195,0.21
1757616572.2453716,2025-09-11 15:49:32.245,195,0.21
1757616572.2770388,2025-09-11 15:49:32.277,195,0.19
1757616572.3086574,2025-09-11 15:49:32.308,195,0.19
1757616572.3401175,2025-09-11 15:49:32.340,195,0.19
1757616572.3615582,2025-09-11 15:49:32.361,195,0.19
1757616572.3931925,2025-09-11 15:49:32.393,195,0.2
1757616572.4247155,2025-09-11 15:49:32.424,195,0.2
1757616572.4564488,2025-09-11 15:49:32.456,195,0.2
1757616572.4778848,2025-09-11 15:49:32.477,195,0.2
1757616572.5094845,2025-09-11 15:49:32.509,195,0.2
1757616572.541033,2025-09-11 15:49:32.541,195,0.2
1757616572.572703,2025-09-11 15:49:32.572,195,0.2
1757616572.6043818,2025-09-11 15:49:32.604,195,0.2
1757616572.6258318,2025-09-11 15:49:32.625,195,0.2
1757616572.657306,2025-09-11 15:49:32.657,195,0.2
1757616572.688659,2025-09-11 15:49:32.688,195,0.2
1757616572.7199693,2025-09-11 15:49:32.719,195,0.2
1757616572.7514184,2025-09-11 15:49:32.751,195,0.21
1757616572.7726696,2025-09-11 15:49:32.772,195,0.21
1757616572.8042374,2025-09-11 15:49:32.804,195,0.21
1757616572.8357055,2025-09-11 15:49:32.835,195,0.21
1757616572.867293,2025-09-11 15:49:32.867,195,0.19
1757616572.888733,2025-09-11 15:49:32.888,195,0.19
1757616572.920392,2025-09-11 15:49:32.920,195,0.19
1757616572.9521134,2025-09-11 15:49:32.952,195,0.19
1757616572.9837394,2025-09-11 15:49:32.983,195,0.2
1757616573.0154924,2025-09-11 15:49:33.015,195,0.2
1757616573.036957,2025-09-11 15:49:33.036,200,0.2
1757616573.0684104,2025-09-11 15:49:33.068,200,0.2
1757616573.0998929,2025-09-11 15:49:33.099,200,0.2
1757616573.1313653,2025-09-11 15:49:33.131,200,0.2
1757616573.1525595,2025-09-11 15:49:33.152,200,0.2
1757616573.1841078,2025-09-11 15:49:33.184,200,0.2
1757616573.2157264,2025-09-11 15:49:33.215,200,0.21
1757616573.2470303,2025-09-11 15:49:33.247,200,0.21
1757616573.2784488,2025-09-11 15:49:33.278,200,0.21
1757616573.2996755,2025-09-11 15:49:33.299,200,0.21
1757616573.330873,2025-09-11 15:49:33.330,200,0.21
1757616573.3620121,2025-09-11 15:49:33.362,200,0.21
1757616573.393166,2025-09-11 15:49:33.393,200,0.21
1757616573.4243898,2025-09-11 15:49:33.424,200,0.21
1757616573.4456923,2025-09-11 15:49:33.445,200,0.23
1757616573.4770494,2025-09-11 15:49:33.477,200,0.23
1757616573.508321,2025-09-11 15:49:33.508,200,0.23
1757616573.5395272,2025-09-11 15:49:33.539,200,0.23
1757616573.570739,2025-09-11 15:49:33.570,200,0.22
1757616573.601878,2025-09-11 15:49:33.601,200,0.22
1757616573.6230574,2025-09-11 15:49:33.623,200,0.22
1757616573.6535294,2025-09-11 15:49:33.653,200,0.22
1757616573.6846366,2025-09-11 15:49:33.684,200,0.22
1757616573.715765,2025-09-11 15:49:33.715,200,0.22
1757616573.747015,2025-09-11 15:49:33.747,200,0.22
1757616573.768246,2025-09-11 15:49:33.768,200,0.22
1757616573.799542,2025-09-11 15:49:33.799,200,0.22
1757616573.8308496,2025-09-11 15:49:33.830,200,0.22
1757616573.862151,2025-09-11 15:49:33.862,200,0.22
1757616573.8935697,2025-09-11 15:49:33.893,200,0.22
1757616573.9148033,2025-09-11 15:49:33.914,200,0.22
1757616573.946319,2025-09-11 15:49:33.946,200,0.22
1757616573.977775,2025-09-11 15:49:33.977,200,0.22
1757616574.0090706,2025-09-11 15:49:34.009,200,0.22
1757616574.0401242,2025-09-11 15:49:34.040,200,0.22
1757616574.0612442,2025-09-11 15:49:34.061,200,0.22
1757616574.0924668,2025-09-11 15:49:34.092,200,0.22
1757616574.123722,2025-09-11 15:49:34.123,200,0.22
1757616574.1551414,2025-09-11 15:49:34.155,200,0.22
1757616574.1865766,2025-09-11 15:49:34.186,200,0.22
1757616574.2181373,2025-09-11 15:49:34.218,200,0.22
1757616574.2393916,2025-09-11 15:49:34.239,200,0.22
1757616574.2706842,2025-09-11 15:49:34.270,200,0.22
1757616574.3019636,2025-09-11 15:49:34.301,200,0.22
1757616574.3334863,2025-09-11 15:49:34.333,200,0.22
1757616574.354887,2025-09-11 15:49:34.354,200,0.22
1757616574.386492,2025-09-11 15:49:34.386,200,0.22
1757616574.4179416,2025-09-11 15:49:34.417,200,0.22
1757616574.4495103,2025-09-11 15:49:34.449,200,0.22
1757616574.4812682,2025-09-11 15:49:34.481,200,0.22
1757616574.5025456,2025-09-11 15:49:34.502,200,0.23
1757616574.5341306,2025-09-11 15:49:34.534,200,0.23
1757616574.565667,2025-09-11 15:49:34.565,200,0.23
1757616574.5972412,2025-09-11 15:49:34.597,200,0.23
1757616574.6187165,2025-09-11 15:49:34.618,200,0.22
1757616574.6501412,2025-09-11 15:49:34.650,200,0.22
1757616574.6817336,2025-09-11 15:49:34.681,200,0.22
1757616574.7133567,2025-09-11 15:49:34.713,200,0.22
1757616574.7449074,2025-09-11 15:49:34.744,200,0.22
1757616574.7663543,2025-09-11 15:49:34.766,200,0.22
1757616574.797949,2025-09-11 15:49:34.797,200,0.22
1757616574.829675,2025-09-11 15:49:34.829,200,0.22
1757616574.8613913,2025-09-11 15:49:34.861,200,0.23
1757616574.8827903,2025-09-11 15:49:34.882,200,0.23
1757616574.9144728,2025-09-11 15:49:34.914,200,0.23
1757616574.9458601,2025-09-11 15:49:34.945,200,0.23
1757616574.97747,2025-09-11 15:49:34.977,200,0.23
1757616575.0089486,2025-09-11 15:49:35.008,200,0.23
1757616575.0302196,2025-09-11 15:49:35.030,200,0.23
1757616575.0617309,2025-09-11 15:49:35.061,200,0.23
1757616575.0933115,2025-09-11 15:49:35.093,200,0.22
1757616575.1247962,2025-09-11 15:49:35.124,200,0.22
1757616575.1563823,2025-09-11 15:49:35.156,200,0.22
1757616575.1776562,2025-09-11 15:49:35.177,200,0.22
1757616575.2088895,2025-09-11 15:49:35.208,200,0.22
1757616575.2402923,2025-09-11 15:49:35.240,200,0.22
1757616575.271736,2025-09-11 15:49:35.271,200,0.22
1757616575.3031733,2025-09-11 15:49:35.303,200,0.22
1757616575.3244283,2025-09-11 15:49:35.324,200,0.22
1757616575.3559508,2025-09-11 15:49:35.355,200,0.22
1757616575.387566,2025-09-11 15:49:35.387,200,0.22
1757616575.4191427,2025-09-11 15:49:35.419,200,0.22
1757616575.440423,2025-09-11 15:49:35.440,200,0.22
1757616575.4718566,2025-09-11 15:49:35.471,200,0.22
1757616575.503234,2025-09-11 15:49:35.503,200,0.22
1757616575.534699,2025-09-11 15:49:35.534,200,0.22
1757616575.566286,2025-09-11 15:49:35.566,200,0.22
1757616575.587574,2025-09-11 15:49:35.587,200,0.22
1757616575.6191046,2025-09-11 15:49:35.619,200,0.22
1757616575.650575,2025-09-11 15:49:35.650,200,0.22
1757616575.6820166,2025-09-11 15:49:35.682,200,0.22
1757616575.7134619,2025-09-11 15:49:35.713,200,0.22
1757616575.734705,2025-09-11 15:49:35.734,200,0.22
1757616575.766286,2025-09-11 15:49:35.766,200,0.22
1757616575.7979243,2025-09-11 15:49:35.797,200,0.22
1757616575.8294148,2025-09-11 15:49:35.829,200,0.22
1757616575.8506799,2025-09-11 15:49:35.850,200,0.22
1757616575.8824296,2025-09-11 15:49:35.882,200,0.22
1757616575.9140794,2025-09-11 15:49:35.914,200,0.22
1757616575.9456842,2025-09-11 15:49:35.945,200,0.22
1757616575.9774148,2025-09-11 15:49:35.977,200,0.22
1757616575.9988718,2025-09-11 15:49:35.998,200,0.22
1757616576.030484,2025-09-11 15:49:36.030,200,0.21
1757616576.0613186,2025-09-11 15:49:36.061,205,0.21
1757616576.0926588,2025-09-11 15:49:36.092,205,0.21
1757616576.1239831,2025-09-11 15:49:36.123,205,0.21
1757616576.1452296,2025-09-11 15:49:36.145,205,0.22
1757616576.1767695,2025-09-11 15:49:36.176,205,0.22
1757616576.208383,2025-09-11 15:49:36.208,205,0.22
1757616576.2400265,2025-09-11 15:49:36.240,205,0.22
1757616576.2613683,2025-09-11 15:49:36.261,205,0.23
1757616576.2928095,2025-09-11 15:49:36.292,205,0.23
1757616576.32441,2025-09-11 15:49:36.324,205,0.23
1757616576.3559737,2025-09-11 15:49:36.355,205,0.23
1757616576.3875675,2025-09-11 15:49:36.387,205,0.23
1757616576.4090104,2025-09-11 15:49:36.409,205,0.23
1757616576.4405944,2025-09-11 15:49:36.440,205,0.23
1757616576.4722788,2025-09-11 15:49:36.472,205,0.23
1757616576.5039678,2025-09-11 15:49:36.503,205,0.23
1757616576.5253415,2025-09-11 15:49:36.525,205,0.23
1757616576.5569582,2025-09-11 15:49:36.556,205,0.23
1757616576.5886712,2025-09-11 15:49:36.588,205,0.23
1757616576.6203291,2025-09-11 15:49:36.620,205,0.24
1757616576.6513245,2025-09-11 15:49:36.651,205,0.24
1757616576.6726398,2025-09-11 15:49:36.672,205,0.24
1757616576.7042477,2025-09-11 15:49:36.704,205,0.24
1757616576.7357647,2025-09-11 15:49:36.735,205,0.23
1757616576.7674756,2025-09-11 15:49:36.767,205,0.23
1757616576.798986,2025-09-11 15:49:36.798,205,0.23
1757616576.8203645,2025-09-11 15:49:36.820,205,0.23
1757616576.8520432,2025-09-11 15:49:36.852,205,0.24
1757616576.8837612,2025-09-11 15:49:36.883,205,0.24
1757616576.915224,2025-09-11 15:49:36.915,205,0.24
1757616576.9365778,2025-09-11 15:49:36.936,205,0.24
1757616576.9681928,2025-09-11 15:49:36.968,205,0.24
1757616576.9996572,2025-09-11 15:49:36.999,205,0.24
1757616577.0312357,2025-09-11 15:49:37.031,205,0.24
1757616577.062881,2025-09-11 15:49:37.062,205,0.24
1757616577.0843077,2025-09-11 15:49:37.084,205,0.24
1757616577.1159167,2025-09-11 15:49:37.115,205,0.24
1757616577.1475902,2025-09-11 15:49:37.147,205,0.24
1757616577.1793134,2025-09-11 15:49:37.179,205,0.24
1757616577.2007585,2025-09-11 15:49:37.200,205,0.24
1757616577.2324877,2025-09-11 15:49:37.232,205,0.24
1757616577.2640688,2025-09-11 15:49:37.264,205,0.24
1757616577.2956662,2025-09-11 15:49:37.295,205,0.24
1757616577.3171268,2025-09-11 15:49:37.317,205,0.24
1757616577.3488522,2025-09-11 15:49:37.348,205,0.24
1757616577.3806038,2025-09-11 15:49:37.380,205,0.24
1757616577.412382,2025-09-11 15:49:37.412,205,0.24
1757616577.4440708,2025-09-11 15:49:37.444,205,0.24
1757616577.4653513,2025-09-11 15:49:37.465,205,0.24
1757616577.4969628,2025-09-11 15:49:37.496,205,0.24
1757616577.5285785,2025-09-11 15:49:37.528,205,0.24
1757616577.5601342,2025-09-11 15:49:37.560,205,0.24
1757616577.5813947,2025-09-11 15:49:37.581,205,0.24
1757616577.6131525,2025-09-11 15:49:37.613,205,0.24
1757616577.6448417,2025-09-11 15:49:37.644,205,0.24
1757616577.6763973,2025-09-11 15:49:37.676,205,0.24
1757616577.7080138,2025-09-11 15:49:37.708,205,0.24
1757616577.7293022,2025-09-11 15:49:37.729,205,0.24
1757616577.7609375,2025-09-11 15:49:37.760,205,0.24
1757616577.79253,2025-09-11 15:49:37.792,205,0.24
1757616577.8242404,2025-09-11 15:49:37.824,205,0.24
1757616577.845551,2025-09-11 15:49:37.845,205,0.24
1757616577.877219,2025-09-11 15:49:37.877,205,0.24
1757616577.9087849,2025-09-11 15:49:37.908,205,0.24
1757616577.9402232,2025-09-11 15:49:37.940,205,0.24
1757616577.9717681,2025-09-11 15:49:37.971,205,0.24
1757616577.9931986,2025-09-11 15:49:37.993,205,0.24
1757616578.0248399,2025-09-11 15:49:38.024,205,0.24
1757616578.0563815,2025-09-11 15:49:38.056,205,0.24
1757616578.0877647,2025-09-11 15:49:38.087,205,0.24
1757616578.1086268,2025-09-11 15:49:38.108,205,0.24
1757616578.1399932,2025-09-11 15:49:38.139,205,0.24
1757616578.1716528,2025-09-11 15:49:38.171,205,0.24
1757616578.2031457,2025-09-11 15:49:38.203,205,0.24
1757616578.2348013,2025-09-11 15:49:38.234,205,0.24
1757616578.2561731,2025-09-11 15:49:38.256,205,0.23
1757616578.2876337,2025-09-11 15:49:38.287,205,0.23
1757616578.3189356,2025-09-11 15:49:38.318,205,0.23
1757616578.3502176,2025-09-11 15:49:38.350,205,0.23
1757616578.3815465,2025-09-11 15:49:38.381,205,0.24
1757616578.4027698,2025-09-11 15:49:38.402,205,0.24
1757616578.4341674,2025-09-11 15:49:38.434,205,0.24
1757616578.4657042,2025-09-11 15:49:38.465,205,0.24
1757616578.4974318,2025-09-11 15:49:38.497,205,0.24
1757616578.5289264,2025-09-11 15:49:38.528,205,0.24
1757616578.550361,2025-09-11 15:49:38.550,205,0.24
1757616578.5820932,2025-09-11 15:49:38.582,205,0.24
1757616578.6137307,2025-09-11 15:49:38.613,205,0.24
1757616578.6454422,2025-09-11 15:49:38.645,205,0.24
1757616578.6668808,2025-09-11 15:49:38.666,205,0.24
1757616578.6985972,2025-09-11 15:49:38.698,205,0.24
1757616578.7300029,2025-09-11 15:49:38.730,205,0.24
1757616578.7615001,2025-09-11 15:49:38.761,205,0.24
1757616578.7931974,2025-09-11 15:49:38.793,205,0.24
1757616578.8146596,2025-09-11 15:49:38.814,205,0.24
1757616578.8463902,2025-09-11 15:49:38.846,205,0.24
1757616578.8780355,2025-09-11 15:49:38.878,205,0.24
1757616578.909645,2025-09-11 15:49:38.909,205,0.24
1757616578.9309924,2025-09-11 15:49:38.930,205,0.24
1757616578.9625823,2025-09-11 15:49:38.962,205,0.24
1757616578.9942894,2025-09-11 15:49:38.994,205,0.24
1757616579.025948,2025-09-11 15:49:39.025,205,0.24
1757616579.0473804,2025-09-11 15:49:39.047,205,0.24
1757616579.0787296,2025-09-11 15:49:39.078,210,0.24
1757616579.1102743,2025-09-11 15:49:39.110,210,0.24
1757616579.1416197,2025-09-11 15:49:39.141,210,0.24
1757616579.1728792,2025-09-11 15:49:39.172,210,0.24
1757616579.2041428,2025-09-11 15:49:39.204,210,0.25
1757616579.2253811,2025-09-11 15:49:39.225,210,0.25
1757616579.2569242,2025-09-11 15:49:39.256,210,0.25
1757616579.2885237,2025-09-11 15:49:39.288,210,0.25
1757616579.3200028,2025-09-11 15:49:39.320,210,0.25
1757616579.3412476,2025-09-11 15:49:39.341,210,0.25
1757616579.372555,2025-09-11 15:49:39.372,210,0.25
1757616579.4039936,2025-09-11 15:49:39.403,210,0.25
1757616579.4355516,2025-09-11 15:49:39.435,210,0.25
1757616579.4671834,2025-09-11 15:49:39.467,210,0.25
1757616579.4884567,2025-09-11 15:49:39.488,210,0.25
1757616579.5197482,2025-09-11 15:49:39.519,210,0.25
1757616579.5510428,2025-09-11 15:49:39.551,210,0.25
1757616579.5826051,2025-09-11 15:49:39.582,210,0.25
1757616579.6140444,2025-09-11 15:49:39.614,210,0.25
1757616579.6353195,2025-09-11 15:49:39.635,210,0.25
1757616579.6666412,2025-09-11 15:49:39.666,210,0.26
1757616579.6979585,2025-09-11 15:49:39.697,210,0.26
1757616579.7292554,2025-09-11 15:49:39.729,210,0.26
1757616579.7605639,2025-09-11 15:49:39.760,210,0.26
1757616579.781779,2025-09-11 15:49:39.781,210,0.25
1757616579.8130891,2025-09-11 15:49:39.813,210,0.25
1757616579.8446257,2025-09-11 15:49:39.844,210,0.25
1757616579.8760872,2025-09-11 15:49:39.876,210,0.25
1757616579.9077005,2025-09-11 15:49:39.907,210,0.26
1757616579.9290292,2025-09-11 15:49:39.929,210,0.26
1757616579.960758,2025-09-11 15:49:39.960,210,0.26
1757616579.9923408,2025-09-11 15:49:39.992,210,0.26
1757616580.023894,2025-09-11 15:49:40.023,210,0.26
1757616580.0452726,2025-09-11 15:49:40.045,210,0.26
1757616580.0768425,2025-09-11 15:49:40.076,210,0.26
1757616580.1084876,2025-09-11 15:49:40.108,210,0.26
1757616580.1395056,2025-09-11 15:49:40.139,210,0.26
1757616580.1707773,2025-09-11 15:49:40.170,210,0.26
1757616580.1922219,2025-09-11 15:49:40.192,210,0.26
1757616580.2238033,2025-09-11 15:49:40.223,210,0.26
1757616580.2555034,2025-09-11 15:49:40.255,210,0.26
1757616580.2872355,2025-09-11 15:49:40.287,210,0.26
1757616580.3087187,2025-09-11 15:49:40.308,210,0.26
1757616580.340332,2025-09-11 15:49:40.340,210,0.26
1757616580.3721023,2025-09-11 15:49:40.372,210,0.26
1757616580.4038355,2025-09-11 15:49:40.403,210,0.26
1757616580.4354641,2025-09-11 15:49:40.435,210,0.26
1757616580.4568415,2025-09-11 15:49:40.456,210,0.26
1757616580.4885762,2025-09-11 15:49:40.488,210,0.26
1757616580.520226,2025-09-11 15:49:40.520,210,0.26
1757616580.5517685,2025-09-11 15:49:40.551,210,0.26
1757616580.5731223,2025-09-11 15:49:40.573,210,0.26
1757616580.6047342,2025-09-11 15:49:40.604,210,0.26
1757616580.6363552,2025-09-11 15:49:40.636,210,0.26
1757616580.6681097,2025-09-11 15:49:40.668,210,0.26
1757616580.699723,2025-09-11 15:49:40.699,210,0.26
1757616580.720954,2025-09-11 15:49:40.720,210,0.26
1757616580.7523715,2025-09-11 15:49:40.752,210,0.26
1757616580.783759,2025-09-11 15:49:40.783,210,0.26
1757616580.8151355,2025-09-11 15:49:40.815,210,0.26
1757616580.846577,2025-09-11 15:49:40.846,210,0.27
1757616580.8678114,2025-09-11 15:49:40.867,210,0.27
1757616580.8991158,2025-09-11 15:49:40.899,210,0.27
1757616580.9304073,2025-09-11 15:49:40.930,210,0.27
1757616580.9617143,2025-09-11 15:49:40.961,210,0.26
1757616580.9930017,2025-09-11 15:49:40.993,210,0.26
1757616581.0142477,2025-09-11 15:49:41.014,210,0.26
1757616581.0457728,2025-09-11 15:49:41.045,210,0.26
1757616581.077484,2025-09-11 15:49:41.077,210,0.26
1757616581.108953,2025-09-11 15:49:41.108,210,0.26
1757616581.1301947,2025-09-11 15:49:41.130,210,0.26
1757616581.1616783,2025-09-11 15:49:41.161,210,0.26
1757616581.193129,2025-09-11 15:49:41.193,210,0.27
1757616581.2244225,2025-09-11 15:49:41.224,210,0.27
1757616581.2557156,2025-09-11 15:49:41.255,210,0.27
1757616581.2769349,2025-09-11 15:49:41.276,210,0.27
1757616581.3084683,2025-09-11 15:49:41.308,210,0.26
1757616581.3397954,2025-09-11 15:49:41.339,210,0.26
1757616581.3712187,2025-09-11 15:49:41.371,210,0.26
1757616581.402662,2025-09-11 15:49:41.402,210,0.26
1757616581.4240825,2025-09-11 15:49:41.424,210,0.26
1757616581.455794,2025-09-11 15:49:41.455,210,0.26
1757616581.487444,2025-09-11 15:49:41.487,210,0.26
1757616581.519101,2025-09-11 15:49:41.519,210,0.26
1757616581.5506904,2025-09-11 15:49:41.550,210,0.26
1757616581.5719483,2025-09-11 15:49:41.571,210,0.26
1757616581.603528,2025-09-11 15:49:41.603,210,0.26
1757616581.6343715,2025-09-11 15:49:41.634,210,0.26
1757616581.6656995,2025-09-11 15:49:41.665,210,0.26
1757616581.6971555,2025-09-11 15:49:41.697,210,0.26
1757616581.7183924,2025-09-11 15:49:41.718,210,0.26
1757616581.749697,2025-09-11 15:49:41.749,210,0.26
1757616581.7811248,2025-09-11 15:49:41.781,210,0.26
1757616581.8124163,2025-09-11 15:49:41.812,210,0.26
1757616581.8437076,2025-09-11 15:49:41.843,210,0.26
1757616581.865071,2025-09-11 15:49:41.865,210,0.26
1757616581.896401,2025-09-11 15:49:41.896,210,0.26
1757616581.9277077,2025-09-11 15:49:41.927,210,0.26
1757616581.9592175,2025-09-11 15:49:41.959,210,0.26
1757616581.980702,2025-09-11 15:49:41.980,210,0.26
1757616582.012245,2025-09-11 15:49:42.012,210,0.26
1757616582.0436773,2025-09-11 15:49:42.043,210,0.26
1757616582.0752494,2025-09-11 15:49:42.075,210,0.26
1757616582.1068187,2025-09-11 15:49:42.106,215,0.26
1757616582.1280987,2025-09-11 15:49:42.128,215,0.26
1757616582.1591713,2025-09-11 15:49:42.159,215,0.26
1757616582.190396,2025-09-11 15:49:42.190,215,0.26
1757616582.2217872,2025-09-11 15:49:42.221,215,0.26
1757616582.253236,2025-09-11 15:49:42.253,215,0.27
1757616582.2746334,2025-09-11 15:49:42.274,215,0.27
1757616582.3062108,2025-09-11 15:49:42.306,215,0.27
1757616582.3375373,2025-09-11 15:49:42.337,215,0.27
1757616582.368835,2025-09-11 15:49:42.368,215,0.27
1757616582.4004052,2025-09-11 15:49:42.400,215,0.27
1757616582.4216685,2025-09-11 15:49:42.421,215,0.27
1757616582.4528768,2025-09-11 15:49:42.452,215,0.27
1757616582.4841304,2025-09-11 15:49:42.484,215,0.27
1757616582.5154724,2025-09-11 15:49:42.515,215,0.27
1757616582.5467618,2025-09-11 15:49:42.546,215,0.27
1757616582.568001,2025-09-11 15:49:42.568,215,0.27
1757616582.5994377,2025-09-11 15:49:42.599,215,0.27
1757616582.6311493,2025-09-11 15:49:42.631,215,0.27
1757616582.6626818,2025-09-11 15:49:42.662,215,0.27
1757616582.6940842,2025-09-11 15:49:42.694,215,0.27
1757616582.715419,2025-09-11 15:49:42.715,215,0.28
1757616582.7468975,2025-09-11 15:49:42.746,215,0.28
1757616582.778242,2025-09-11 15:49:42.778,215,0.28
1757616582.8095355,2025-09-11 15:49:42.809,215,0.28
1757616582.8409333,2025-09-11 15:49:42.840,215,0.28
1757616582.8622882,2025-09-11 15:49:42.862,215,0.28
1757616582.8940854,2025-09-11 15:49:42.894,215,0.28
1757616582.9255686,2025-09-11 15:49:42.925,215,0.28
1757616582.9570346,2025-09-11 15:49:42.957,215,0.28
1757616582.978474,2025-09-11 15:49:42.978,215,0.28
1757616583.0100513,2025-09-11 15:49:43.010,215,0.28
1757616583.0414448,2025-09-11 15:49:43.041,215,0.28
1757616583.0731182,2025-09-11 15:49:43.073,215,0.28
1757616583.1048412,2025-09-11 15:49:43.104,215,0.28
1757616583.126245,2025-09-11 15:49:43.126,215,0.28
1757616583.1577785,2025-09-11 15:49:43.157,215,0.28
1757616583.1894083,2025-09-11 15:49:43.189,215,0.28
1757616583.2211113,2025-09-11 15:49:43.221,215,0.28
1757616583.2425182,2025-09-11 15:49:43.242,215,0.28
1757616583.2741802,2025-09-11 15:49:43.274,215,0.28
1757616583.3057625,2025-09-11 15:49:43.305,215,0.28
1757616583.3373888,2025-09-11 15:49:43.337,215,0.28
1757616583.3688455,2025-09-11 15:49:43.368,215,0.28
1757616583.3902647,2025-09-11 15:49:43.390,215,0.28
1757616583.4219074,2025-09-11 15:49:43.421,215,0.29
1757616583.4535604,2025-09-11 15:49:43.453,215,0.29
1757616583.485201,2025-09-11 15:49:43.485,215,0.29
1757616583.5066183,2025-09-11 15:49:43.506,215,0.29
1757616583.5382369,2025-09-11 15:49:43.538,215,0.28
1757616583.569861,2025-09-11 15:49:43.569,215,0.28
1757616583.601599,2025-09-11 15:49:43.601,215,0.28
1757616583.6230607,2025-09-11 15:49:43.623,215,0.28
1757616583.654617,2025-09-11 15:49:43.654,215,0.28
1757616583.6863468,2025-09-11 15:49:43.686,215,0.28
1757616583.718073,2025-09-11 15:49:43.718,215,0.28
1757616583.7497206,2025-09-11 15:49:43.749,215,0.28
1757616583.771195,2025-09-11 15:49:43.771,215,0.29
1757616583.8028104,2025-09-11 15:49:43.802,215,0.29
1757616583.8343706,2025-09-11 15:49:43.834,215,0.29
1757616583.8659003,2025-09-11 15:49:43.865,215,0.29
1757616583.8873107,2025-09-11 15:49:43.887,215,0.29
1757616583.9189172,2025-09-11 15:49:43.918,215,0.29
1757616583.9504352,2025-09-11 15:49:43.950,215,0.29
1757616583.9819882,2025-09-11 15:49:43.981,215,0.29
1757616584.0134912,2025-09-11 15:49:44.013,215,0.28
1757616584.0347686,2025-09-11 15:49:44.034,215,0.28
1757616584.0660586,2025-09-11 15:49:44.066,215,0.28
1757616584.0975661,2025-09-11 15:49:44.097,215,0.28
1757616584.1289952,2025-09-11 15:49:44.128,215,0.29
1757616584.160458,2025-09-11 15:49:44.160,215,0.29
1757616584.1811538,2025-09-11 15:49:44.181,215,0.29
1757616584.2123616,2025-09-11 15:49:44.212,215,0.29
1757616584.2438583,2025-09-11 15:49:44.243,215,0.29
1757616584.2754192,2025-09-11 15:49:44.275,215,0.29
1757616584.3069558,2025-09-11 15:49:44.306,215,0.29
1757616584.3282936,2025-09-11 15:49:44.328,215,0.29
1757616584.3598278,2025-09-11 15:49:44.359,215,0.29
1757616584.3914058,2025-09-11 15:49:44.391,215,0.29
1757616584.4228706,2025-09-11 15:49:44.422,215,0.29
1757616584.4541538,2025-09-11 15:49:44.454,215,0.29
1757616584.4753687,2025-09-11 15:49:44.475,215,0.29
1757616584.5066571,2025-09-11 15:49:44.506,215,0.29
1757616584.5382671,2025-09-11 15:49:44.538,215,0.29
1757616584.56988,2025-09-11 15:49:44.569,215,0.29
1757616584.5913403,2025-09-11 15:49:44.591,215,0.29
1757616584.6227624,2025-09-11 15:49:44.622,215,0.29
1757616584.6542177,2025-09-11 15:49:44.654,215,0.29
1757616584.685961,2025-09-11 15:49:44.685,215,0.29
1757616584.7176912,2025-09-11 15:49:44.717,215,0.29
1757616584.7391665,2025-09-11 15:49:44.739,215,0.29
1757616584.7708495,2025-09-11 15:49:44.770,215,0.29
1757616584.8026724,2025-09-11 15:49:44.802,215,0.29
1757616584.8343737,2025-09-11 15:49:44.834,215,0.29
1757616584.8558414,2025-09-11 15:49:44.855,215,0.29
1757616584.8874424,2025-09-11 15:49:44.887,215,0.29
1757616584.9189744,2025-09-11 15:49:44.918,215,0.29
1757616584.9505427,2025-09-11 15:49:44.950,215,0.29
1757616584.9821415,2025-09-11 15:49:44.982,215,0.29
1757616585.0035686,2025-09-11 15:49:45.003,215,0.29
1757616585.0353153,2025-09-11 15:49:45.035,215,0.29
1757616585.066961,2025-09-11 15:49:45.066,215,0.29
1757616585.0985463,2025-09-11 15:49:45.098,215,0.29
1757616585.1199903,2025-09-11 15:49:45.119,220,0.29
1757616585.151631,2025-09-11 15:49:45.151,220,0.29
1757616585.1830533,2025-09-11 15:49:45.183,220,0.29
1757616585.2143915,2025-09-11 15:49:45.214,220,0.29
1757616585.2459395,2025-09-11 15:49:45.245,220,0.29
1757616585.2672076,2025-09-11 15:49:45.267,220,0.29
1757616585.2987363,2025-09-11 15:49:45.298,220,0.29
1757616585.33004,2025-09-11 15:49:45.330,220,0.29
1757616585.361256,2025-09-11 15:49:45.361,220,0.29
1757616585.3927326,2025-09-11 15:49:45.392,220,0.29
1757616585.4139838,2025-09-11 15:49:45.413,220,0.3
1757616585.4456568,2025-09-11 15:49:45.445,220,0.3
1757616585.4773545,2025-09-11 15:49:45.477,220,0.3
1757616585.5089045,2025-09-11 15:49:45.508,220,0.3
1757616585.530212,2025-09-11 15:49:45.530,220,0.31
1757616585.5615213,2025-09-11 15:49:45.561,220,0.31
1757616585.592809,2025-09-11 15:49:45.592,220,0.31
1757616585.6241057,2025-09-11 15:49:45.624,220,0.31
1757616585.6554053,2025-09-11 15:49:45.655,220,0.3
1757616585.6766415,2025-09-11 15:49:45.676,220,0.3
1757616585.7078533,2025-09-11 15:49:45.707,220,0.3
1757616585.7390857,2025-09-11 15:49:45.739,220,0.3
1757616585.7704422,2025-09-11 15:49:45.770,220,0.31
1757616585.8018334,2025-09-11 15:49:45.801,220,0.31
1757616585.8230798,2025-09-11 15:49:45.823,220,0.31
1757616585.8546233,2025-09-11 15:49:45.854,220,0.31
1757616585.8859544,2025-09-11 15:49:45.885,220,0.31
1757616585.9174337,2025-09-11 15:49:45.917,220,0.31
1757616585.9487581,2025-09-11 15:49:45.948,220,0.31
1757616585.9699688,2025-09-11 15:49:45.969,220,0.31
1757616586.001379,2025-09-11 15:49:46.001,220,0.3
1757616586.0328062,2025-09-11 15:49:46.032,220,0.3
1757616586.0641847,2025-09-11 15:49:46.064,220,0.3
1757616586.0954556,2025-09-11 15:49:46.095,220,0.3
1757616586.1165893,2025-09-11 15:49:46.116,220,0.31
1757616586.1480305,2025-09-11 15:49:46.148,220,0.31
1757616586.1793506,2025-09-11 15:49:46.179,220,0.31
1757616586.209903,2025-09-11 15:49:46.209,220,0.31
1757616586.2411478,2025-09-11 15:49:46.241,220,0.31
1757616586.2727451,2025-09-11 15:49:46.272,220,0.31
1757616586.2940943,2025-09-11 15:49:46.294,220,0.31
1757616586.3256903,2025-09-11 15:49:46.325,220,0.31
1757616586.357255,2025-09-11 15:49:46.357,220,0.31
1757616586.3886335,2025-09-11 15:49:46.388,220,0.31
1757616586.4098551,2025-09-11 15:49:46.409,220,0.31
1757616586.4411266,2025-09-11 15:49:46.441,220,0.31
1757616586.4723878,2025-09-11 15:49:46.472,220,0.31
1757616586.5036383,2025-09-11 15:49:46.503,220,0.31
1757616586.5348923,2025-09-11 15:49:46.534,220,0.31
1757616586.5560787,2025-09-11 15:49:46.556,220,0.31
1757616586.5873532,2025-09-11 15:49:46.587,220,0.31
1757616586.618596,2025-09-11 15:49:46.618,220,0.31
1757616586.6494005,2025-09-11 15:49:46.649,220,0.31
1757616586.6807523,2025-09-11 15:49:46.680,220,0.31
1757616586.7120147,2025-09-11 15:49:46.712,220,0.31
1757616586.7332315,2025-09-11 15:49:46.733,220,0.31
1757616586.7644744,2025-09-11 15:49:46.764,220,0.31
1757616586.795877,2025-09-11 15:49:46.795,220,0.31
1757616586.8274124,2025-09-11 15:49:46.827,220,0.31
1757616586.8587353,2025-09-11 15:49:46.858,220,0.31
1757616586.8798885,2025-09-11 15:49:46.879,220,0.31
1757616586.911047,2025-09-11 15:49:46.911,220,0.31
1757616586.9423652,2025-09-11 15:49:46.942,220,0.31
1757616586.9738894,2025-09-11 15:49:46.973,220,0.31
1757616587.005399,2025-09-11 15:49:47.005,220,0.31
1757616587.026812,2025-09-11 15:49:47.026,220,0.31
1757616587.0584278,2025-09-11 15:49:47.058,220,0.31
1757616587.0898838,2025-09-11 15:49:47.089,220,0.31
1757616587.1213756,2025-09-11 15:49:47.121,220,0.31
1757616587.1426597,2025-09-11 15:49:47.142,220,0.31
1757616587.1742442,2025-09-11 15:49:47.174,220,0.31
1757616587.205804,2025-09-11 15:49:47.205,220,0.31
1757616587.237226,2025-09-11 15:49:47.237,220,0.31
1757616587.268616,2025-09-11 15:49:47.268,220,0.31
1757616587.289811,2025-09-11 15:49:47.289,220,0.31
1757616587.3211446,2025-09-11 15:49:47.321,220,0.31
1757616587.352609,2025-09-11 15:49:47.352,220,0.31
1757616587.3839235,2025-09-11 15:49:47.383,220,0.31
1757616587.4154854,2025-09-11 15:49:47.415,220,0.31
1757616587.436758,2025-09-11 15:49:47.436,220,0.31
1757616587.468191,2025-09-11 15:49:47.468,220,0.31
1757616587.499635,2025-09-11 15:49:47.499,220,0.31
1757616587.5310163,2025-09-11 15:49:47.531,220,0.32
1757616587.5623806,2025-09-11 15:49:47.562,220,0.32
1757616587.5835738,2025-09-11 15:49:47.583,220,0.32
1757616587.6151073,2025-09-11 15:49:47.615,220,0.32
1757616587.6466768,2025-09-11 15:49:47.646,220,0.31
1757616587.6780696,2025-09-11 15:49:47.678,220,0.31
1757616587.709336,2025-09-11 15:49:47.709,220,0.31
1757616587.7306793,2025-09-11 15:49:47.730,220,0.31
1757616587.7620785,2025-09-11 15:49:47.762,220,0.31
1757616587.793422,2025-09-11 15:49:47.793,220,0.31
1757616587.824833,2025-09-11 15:49:47.824,220,0.31
1757616587.856165,2025-09-11 15:49:47.856,220,0.31
1757616587.8773756,2025-09-11 15:49:47.877,220,0.31
1757616587.9089015,2025-09-11 15:49:47.908,220,0.31
1757616587.940244,2025-09-11 15:49:47.940,220,0.31
1757616587.9715345,2025-09-11 15:49:47.971,220,0.31
1757616588.0028229,2025-09-11 15:49:48.002,220,0.31
1757616588.024062,2025-09-11 15:49:48.024,220,0.31
1757616588.0552845,2025-09-11 15:49:48.055,220,0.31
1757616588.0865338,2025-09-11 15:49:48.086,220,0.31
1757616588.1181655,2025-09-11 15:49:48.118,220,0.32
1757616588.149533,2025-09-11 15:49:48.149,225,0.32
1757616588.1707385,2025-09-11 15:49:48.170,225,0.32
1757616588.2019763,2025-09-11 15:49:48.201,225,0.32
1757616588.2328353,2025-09-11 15:49:48.232,225,0.32
1757616588.2641068,2025-09-11 15:49:48.264,225,0.32
1757616588.2956111,2025-09-11 15:49:48.295,225,0.32
1757616588.3168967,2025-09-11 15:49:48.316,225,0.32
1757616588.3482985,2025-09-11 15:49:48.348,225,0.32
1757616588.3796,2025-09-11 15:49:48.379,225,0.32
1757616588.4109576,2025-09-11 15:49:48.410,225,0.32
1757616588.442335,2025-09-11 15:49:48.442,225,0.32
1757616588.4635403,2025-09-11 15:49:48.463,225,0.33
1757616588.4949224,2025-09-11 15:49:48.494,225,0.33
1757616588.526266,2025-09-11 15:49:48.526,225,0.33
1757616588.5575519,2025-09-11 15:49:48.557,225,0.33
1757616588.5888195,2025-09-11 15:49:48.588,225,0.32
1757616588.610055,2025-09-11 15:49:48.610,225,0.32
1757616588.641305,2025-09-11 15:49:48.641,225,0.32
1757616588.6724803,2025-09-11 15:49:48.672,225,0.32
1757616588.703799,2025-09-11 15:49:48.703,225,0.33
1757616588.7351434,2025-09-11 15:49:48.735,225,0.33
1757616588.7563047,2025-09-11 15:49:48.756,225,0.33
1757616588.787476,2025-09-11 15:49:48.787,225,0.33
1757616588.8188648,2025-09-11 15:49:48.818,225,0.34
1757616588.8501523,2025-09-11 15:49:48.850,225,0.34
1757616588.8814497,2025-09-11 15:49:48.881,225,0.34
1757616588.9026685,2025-09-11 15:49:48.902,225,0.34
1757616588.9338837,2025-09-11 15:49:48.933,225,0.33
1757616588.965132,2025-09-11 15:49:48.965,225,0.33
1757616588.9966128,2025-09-11 15:49:48.996,225,0.33
1757616589.028008,2025-09-11 15:49:49.028,225,0.33
1757616589.0492072,2025-09-11 15:49:49.049,225,0.33
1757616589.0805533,2025-09-11 15:49:49.080,225,0.33
1757616589.1121554,2025-09-11 15:49:49.112,225,0.33
1757616589.143495,2025-09-11 15:49:49.143,225,0.33
1757616589.175076,2025-09-11 15:49:49.175,225,0.33
1757616589.196352,2025-09-11 15:49:49.196,225,0.33
1757616589.2279818,2025-09-11 15:49:49.227,225,0.33
1757616589.259352,2025-09-11 15:49:49.259,225,0.33
1757616589.290866,2025-09-11 15:49:49.290,225,0.34
1757616589.3222091,2025-09-11 15:49:49.322,225,0.34
1757616589.3433778,2025-09-11 15:49:49.343,225,0.34
1757616589.3748314,2025-09-11 15:49:49.374,225,0.34
1757616589.4061718,2025-09-11 15:49:49.406,225,0.34
1757616589.4374921,2025-09-11 15:49:49.437,225,0.34
1757616589.4687998,2025-09-11 15:49:49.468,225,0.34
1757616589.4900115,2025-09-11 15:49:49.490,225,0.34
1757616589.521548,2025-09-11 15:49:49.521,225,0.34
1757616589.5528686,2025-09-11 15:49:49.552,225,0.34
1757616589.584241,2025-09-11 15:49:49.584,225,0.34
1757616589.6156278,2025-09-11 15:49:49.615,225,0.34
1757616589.6368275,2025-09-11 15:49:49.636,225,0.33
1757616589.6683216,2025-09-11 15:49:49.668,225,0.33
1757616589.6999176,2025-09-11 15:49:49.699,225,0.33
1757616589.7314186,2025-09-11 15:49:49.731,225,0.33
1757616589.7629938,2025-09-11 15:49:49.762,225,0.34
1757616589.7842822,2025-09-11 15:49:49.784,225,0.34
1757616589.8158693,2025-09-11 15:49:49.815,225,0.34
1757616589.8473907,2025-09-11 15:49:49.847,225,0.34
1757616589.8788009,2025-09-11 15:49:49.878,225,0.34
1757616589.9001415,2025-09-11 15:49:49.900,225,0.34
1757616589.9315803,2025-09-11 15:49:49.931,225,0.34
1757616589.9630044,2025-09-11 15:49:49.963,225,0.34
1757616589.9944024,2025-09-11 15:49:49.994,225,0.34
1757616590.0259523,2025-09-11 15:49:50.025,225,0.34
1757616590.0472271,2025-09-11 15:49:50.047,225,0.34
1757616590.0785306,2025-09-11 15:49:50.078,225,0.34
1757616590.1099887,2025-09-11 15:49:50.109,225,0.34
1757616590.1413066,2025-09-11 15:49:50.141,225,0.34
1757616590.1729028,2025-09-11 15:49:50.172,225,0.34
1757616590.1942239,2025-09-11 15:49:50.194,225,0.34
1757616590.225823,2025-09-11 15:49:50.225,225,0.34
1757616590.257269,2025-09-11 15:49:50.257,225,0.34
1757616590.2883906,2025-09-11 15:49:50.288,225,0.34
1757616590.3196235,2025-09-11 15:49:50.319,225,0.34
1757616590.340819,2025-09-11 15:49:50.340,225,0.34
1757616590.3720303,2025-09-11 15:49:50.372,225,0.34
1757616590.4035347,2025-09-11 15:49:50.403,225,0.34
1757616590.4348502,2025-09-11 15:49:50.434,225,0.34
1757616590.4662113,2025-09-11 15:49:50.466,225,0.34
1757616590.4874668,2025-09-11 15:49:50.487,225,0.34
1757616590.5188718,2025-09-11 15:49:50.518,225,0.34
1757616590.5501597,2025-09-11 15:49:50.550,225,0.34
1757616590.581454,2025-09-11 15:49:50.581,225,0.34
1757616590.6127422,2025-09-11 15:49:50.612,225,0.34
1757616590.6338768,2025-09-11 15:49:50.633,225,0.34
1757616590.665324,2025-09-11 15:49:50.665,225,0.34
1757616590.696653,2025-09-11 15:49:50.696,225,0.33
1757616590.72795,2025-09-11 15:49:50.727,225,0.33
1757616590.7593129,2025-09-11 15:49:50.759,225,0.33
1757616590.7806556,2025-09-11 15:49:50.780,225,0.33
1757616590.8121645,2025-09-11 15:49:50.812,225,0.34
1757616590.8438356,2025-09-11 15:49:50.843,225,0.34
1757616590.875418,2025-09-11 15:49:50.875,225,0.34
1757616590.89678,2025-09-11 15:49:50.896,225,0.34
1757616590.9283538,2025-09-11 15:49:50.928,225,0.34
1757616590.9600346,2025-09-11 15:49:50.960,225,0.34
1757616590.9917483,2025-09-11 15:49:50.991,225,0.34
1757616591.023346,2025-09-11 15:49:51.023,225,0.34
1757616591.0446684,2025-09-11 15:49:51.044,225,0.34
1757616591.076014,2025-09-11 15:49:51.076,225,0.34
1757616591.1073585,2025-09-11 15:49:51.107,225,0.34
1757616591.1389227,2025-09-11 15:49:51.138,225,0.34
1757616591.170493,2025-09-11 15:49:51.170,230,0.35
1757616591.1917148,2025-09-11 15:49:51.191,230,0.35
1757616591.2229614,2025-09-11 15:49:51.222,230,0.35
1757616591.2542002,2025-09-11 15:49:51.254,230,0.35
1757616591.2854125,2025-09-11 15:49:51.285,230,0.34
1757616591.3166664,2025-09-11 15:49:51.316,230,0.34
1757616591.3376255,2025-09-11 15:49:51.337,230,0.34
1757616591.3689725,2025-09-11 15:49:51.368,230,0.34
1757616591.4002678,2025-09-11 15:49:51.400,230,0.35
1757616591.4316819,2025-09-11 15:49:51.431,230,0.35
1757616591.4631534,2025-09-11 15:49:51.463,230,0.35
1757616591.4844506,2025-09-11 15:49:51.484,230,0.35
1757616591.5158792,2025-09-11 15:49:51.515,230,0.36
1757616591.5474594,2025-09-11 15:49:51.547,230,0.36
1757616591.5791278,2025-09-11 15:49:51.579,230,0.36
1757616591.6104882,2025-09-11 15:49:51.610,230,0.36
1757616591.6317918,2025-09-11 15:49:51.631,230,0.35
1757616591.6630619,2025-09-11 15:49:51.663,230,0.35
1757616591.6944487,2025-09-11 15:49:51.694,230,0.35
1757616591.7257166,2025-09-11 15:49:51.725,230,0.35
1757616591.7569418,2025-09-11 15:49:51.756,230,0.36
1757616591.7781646,2025-09-11 15:49:51.778,230,0.36
1757616591.8094585,2025-09-11 15:49:51.809,230,0.36
1757616591.8409245,2025-09-11 15:49:51.840,230,0.36
1757616591.8721454,2025-09-11 15:49:51.872,230,0.36
1757616591.903645,2025-09-11 15:49:51.903,230,0.36
1757616591.9249783,2025-09-11 15:49:51.924,230,0.36
1757616591.9562888,2025-09-11 15:49:51.956,230,0.36
1757616591.9875858,2025-09-11 15:49:51.987,230,0.36
1757616592.0188708,2025-09-11 15:49:52.018,230,0.36
1757616592.0501537,2025-09-11 15:49:52.050,230,0.36
1757616592.0713792,2025-09-11 15:49:52.071,230,0.36
1757616592.1026921,2025-09-11 15:49:52.102,230,0.36
1757616592.1339874,2025-09-11 15:49:52.133,230,0.36
1757616592.165301,2025-09-11 15:49:52.165,230,0.36
1757616592.1965992,2025-09-11 15:49:52.196,230,0.36
1757616592.2182817,2025-09-11 15:49:52.218,230,0.37
1757616592.2496192,2025-09-11 15:49:52.249,230,0.37
1757616592.2810068,2025-09-11 15:49:52.281,230,0.37
1757616592.3121095,2025-09-11 15:49:52.312,230,0.37
1757616592.3434882,2025-09-11 15:49:52.343,230,0.36
1757616592.3647506,2025-09-11 15:49:52.364,230,0.36
1757616592.396297,2025-09-11 15:49:52.396,230,0.36
1757616592.4278872,2025-09-11 15:49:52.427,230,0.36
1757616592.4596062,2025-09-11 15:49:52.459,230,0.36
1757616592.4808695,2025-09-11 15:49:52.480,230,0.36
1757616592.51223,2025-09-11 15:49:52.512,230,0.36
1757616592.5435777,2025-09-11 15:49:52.543,230,0.36
1757616592.5748756,2025-09-11 15:49:52.574,230,0.36
1757616592.6061296,2025-09-11 15:49:52.606,230,0.36
1757616592.627387,2025-09-11 15:49:52.627,230,0.36
1757616592.6589296,2025-09-11 15:49:52.658,230,0.36
1757616592.690287,2025-09-11 15:49:52.690,230,0.36
1757616592.7215686,2025-09-11 15:49:52.721,230,0.36
1757616592.7531407,2025-09-11 15:49:52.753,230,0.36
1757616592.7744632,2025-09-11 15:49:52.774,230,0.36
1757616592.8058932,2025-09-11 15:49:52.805,230,0.36
1757616592.8371882,2025-09-11 15:49:52.837,230,0.36
1757616592.868529,2025-09-11 15:49:52.868,230,0.36
1757616592.8998015,2025-09-11 15:49:52.899,230,0.36
1757616592.9211252,2025-09-11 15:49:52.921,230,0.35
1757616592.9527907,2025-09-11 15:49:52.952,230,0.35
1757616592.9846156,2025-09-11 15:49:52.984,230,0.35
1757616593.0163693,2025-09-11 15:49:53.016,230,0.35
1757616593.0378172,2025-09-11 15:49:53.037,230,0.35
1757616593.0683827,2025-09-11 15:49:53.068,230,0.35
1757616593.0989633,2025-09-11 15:49:53.098,230,0.35
1757616593.1294577,2025-09-11 15:49:53.129,230,0.35
1757616593.1599789,2025-09-11 15:49:53.159,230,0.35
1757616593.190451,2025-09-11 15:49:53.190,230,0.35
1757616593.221665,2025-09-11 15:49:53.221,230,0.35
1757616593.2430005,2025-09-11 15:49:53.243,230,0.35
1757616593.2746503,2025-09-11 15:49:53.274,230,0.35
1757616593.3064413,2025-09-11 15:49:53.306,230,0.35
1757616593.3381512,2025-09-11 15:49:53.338,230,0.35
1757616593.3694727,2025-09-11 15:49:53.369,230,0.35
1757616593.3905964,2025-09-11 15:49:53.390,230,0.35
1757616593.4219177,2025-09-11 15:49:53.421,230,0.35
1757616593.4532423,2025-09-11 15:49:53.453,230,0.35
1757616593.4848783,2025-09-11 15:49:53.484,230,0.35
1757616593.5164075,2025-09-11 15:49:53.516,230,0.36
1757616593.5377774,2025-09-11 15:49:53.537,230,0.36
1757616593.5695388,2025-09-11 15:49:53.569,230,0.36
1757616593.601192,2025-09-11 15:49:53.601,230,0.36
1757616593.6327827,2025-09-11 15:49:53.632,230,0.37
1757616593.6542397,2025-09-11 15:49:53.654,230,0.37
1757616593.6858099,2025-09-11 15:49:53.685,230,0.37
1757616593.7174087,2025-09-11 15:49:53.717,230,0.37
1757616593.7490284,2025-09-11 15:49:53.749,230,0.36
1757616593.7806773,2025-09-11 15:49:53.780,230,0.36
1757616593.802131,2025-09-11 15:49:53.802,230,0.36
1757616593.8334951,2025-09-11 15:49:53.833,230,0.36
1757616593.8648536,2025-09-11 15:49:53.864,230,0.36
1757616593.8964138,2025-09-11 15:49:53.896,230,0.36
1757616593.9170387,2025-09-11 15:49:53.917,230,0.36
1757616593.9482796,2025-09-11 15:49:53.948,230,0.36
1757616593.9796863,2025-09-11 15:49:53.979,230,0.36
1757616594.0109613,2025-09-11 15:49:54.010,230,0.36
1757616594.0425391,2025-09-11 15:49:54.042,230,0.36
1757616594.0742457,2025-09-11 15:49:54.074,230,0.36
1757616594.095531,2025-09-11 15:49:54.095,230,0.36
1757616594.1270843,2025-09-11 15:49:54.127,230,0.36
1757616594.1587687,2025-09-11 15:49:54.158,230,0.36
1757616594.19042,2025-09-11 15:49:54.190,235,0.36
1757616594.2118826,2025-09-11 15:49:54.211,235,0.36
1757616594.243442,2025-09-11 15:49:54.243,235,0.36
1757616594.2749002,2025-09-11 15:49:54.274,235,0.36
1757616594.3062181,2025-09-11 15:49:54.306,235,0.36
1757616594.3373485,2025-09-11 15:49:54.337,235,0.36
1757616594.3584652,2025-09-11 15:49:54.358,235,0.36
1757616594.3899279,2025-09-11 15:49:54.389,235,0.36
1757616594.4214134,2025-09-11 15:49:54.421,235,0.36
1757616594.4529922,2025-09-11 15:49:54.452,235,0.36
1757616594.4845884,2025-09-11 15:49:54.484,235,0.36
1757616594.505863,2025-09-11 15:49:54.505,235,0.36
1757616594.5374193,2025-09-11 15:49:54.537,235,0.36
1757616594.568842,2025-09-11 15:49:54.568,235,0.37
1757616594.600327,2025-09-11 15:49:54.600,235,0.37
1757616594.6217067,2025-09-11 15:49:54.621,235,0.37
1757616594.6531854,2025-09-11 15:49:54.653,235,0.37
1757616594.6846251,2025-09-11 15:49:54.684,235,0.36
1757616594.7160602,2025-09-11 15:49:54.716,235,0.36
1757616594.7476444,2025-09-11 15:49:54.747,235,0.36
1757616594.76893,2025-09-11 15:49:54.768,235,0.36
1757616594.8005126,2025-09-11 15:49:54.800,235,0.36
1757616594.8319733,2025-09-11 15:49:54.831,235,0.36
1757616594.8634696,2025-09-11 15:49:54.863,235,0.36
1757616594.8948054,2025-09-11 15:49:54.894,235,0.36
1757616594.9160652,2025-09-11 15:49:54.916,235,0.36
1757616594.947502,2025-09-11 15:49:54.947,235,0.36
1757616594.9788275,2025-09-11 15:49:54.978,235,0.36
1757616595.0094614,2025-09-11 15:49:55.009,235,0.36
1757616595.0401974,2025-09-11 15:49:55.040,235,0.36
1757616595.0708313,2025-09-11 15:49:55.070,235,0.36
1757616595.0913558,2025-09-11 15:49:55.091,235,0.36
1757616595.1219127,2025-09-11 15:49:55.121,235,0.36
1757616595.1524866,2025-09-11 15:49:55.152,235,0.36
1757616595.1830974,2025-09-11 15:49:55.183,235,0.36
1757616595.2136924,2025-09-11 15:49:55.213,235,0.36
1757616595.2443976,2025-09-11 15:49:55.244,235,0.36
1757616595.2750142,2025-09-11 15:49:55.275,235,0.35
1757616595.29551,2025-09-11 15:49:55.295,235,0.35
1757616595.326046,2025-09-11 15:49:55.326,235,0.35
1757616595.3565948,2025-09-11 15:49:55.356,235,0.35
1757616595.387203,2025-09-11 15:49:55.387,235,0.36
1757616595.4177988,2025-09-11 15:49:55.417,235,0.36
1757616595.448417,2025-09-11 15:49:55.448,235,0.36
1757616595.4791205,2025-09-11 15:49:55.479,235,0.36
1757616595.5097022,2025-09-11 15:49:55.509,235,0.36
1757616595.530217,2025-09-11 15:49:55.530,235,0.36
1757616595.5608528,2025-09-11 15:49:55.560,235,0.36
1757616595.5913706,2025-09-11 15:49:55.591,235,0.36
1757616595.621916,2025-09-11 15:49:55.621,235,0.36
1757616595.6524234,2025-09-11 15:49:55.652,235,0.36
1757616595.6832006,2025-09-11 15:49:55.683,235,0.36
1757616595.7139063,2025-09-11 15:49:55.713,235,0.36
1757616595.7447166,2025-09-11 15:49:55.744,235,0.37
1757616595.7651873,2025-09-11 15:49:55.765,235,0.37
1757616595.7956583,2025-09-11 15:49:55.795,235,0.37
1757616595.826206,2025-09-11 15:49:55.826,235,0.37
1757616595.8567545,2025-09-11 15:49:55.856,235,0.37
1757616595.887451,2025-09-11 15:49:55.887,235,0.37
1757616595.9179804,2025-09-11 15:49:55.917,235,0.37
1757616595.9486072,2025-09-11 15:49:55.948,235,0.37
1757616595.9799762,2025-09-11 15:49:55.979,235,0.36
1757616596.0012264,2025-09-11 15:49:56.001,235,0.36
1757616596.0327013,2025-09-11 15:49:56.032,235,0.36
1757616596.064006,2025-09-11 15:49:56.064,235,0.36
1757616596.0954158,2025-09-11 15:49:56.095,235,0.36
1757616596.1268864,2025-09-11 15:49:56.126,235,0.36
1757616596.1480906,2025-09-11 15:49:56.148,235,0.36
1757616596.1795173,2025-09-11 15:49:56.179,235,0.36
1757616596.2110512,2025-09-11 15:49:56.211,235,0.37
1757616596.2423496,2025-09-11 15:49:56.242,235,0.37
1757616596.273665,2025-09-11 15:49:56.273,235,0.37
1757616596.294887,2025-09-11 15:49:56.294,235,0.37
1757616596.3262846,2025-09-11 15:49:56.326,235,0.37
1757616596.3574984,2025-09-11 15:49:56.357,235,0.37
1757616596.3887875,2025-09-11 15:49:56.388,235,0.37
1757616596.4202003,2025-09-11 15:49:56.420,235,0.37
1757616596.4414337,2025-09-11 15:49:56.441,235,0.37
1757616596.4726975,2025-09-11 15:49:56.472,235,0.37
1757616596.503885,2025-09-11 15:49:56.503,235,0.37
1757616596.5351157,2025-09-11 15:49:56.535,235,0.37
1757616596.5664089,2025-09-11 15:49:56.566,235,0.36
1757616596.58764,2025-09-11 15:49:56.587,235,0.36
1757616596.6190343,2025-09-11 15:49:56.619,235,0.36
1757616596.6497924,2025-09-11 15:49:56.649,235,0.36
1757616596.6810503,2025-09-11 15:49:56.681,235,0.36
1757616596.712267,2025-09-11 15:49:56.712,235,0.36
1757616596.7336295,2025-09-11 15:49:56.733,235,0.36
1757616596.7652273,2025-09-11 15:49:56.765,235,0.36
1757616596.796837,2025-09-11 15:49:56.796,235,0.37
1757616596.8284953,2025-09-11 15:49:56.828,235,0.37
1757616596.8602214,2025-09-11 15:49:56.860,235,0.37
1757616596.8816335,2025-09-11 15:49:56.881,235,0.37
1757616596.9130852,2025-09-11 15:49:56.913,235,0.36
1757616596.9444997,2025-09-11 15:49:56.944,235,0.36
1757616596.9757826,2025-09-11 15:49:56.975,235,0.36
1757616597.0070527,2025-09-11 15:49:57.007,235,0.36
1757616597.0284102,2025-09-11 15:49:57.028,235,0.37
1757616597.059999,2025-09-11 15:49:57.059,235,0.37
1757616597.0916002,2025-09-11 15:49:57.091,235,0.37
1757616597.1232119,2025-09-11 15:49:57.123,235,0.37
1757616597.1447067,2025-09-11 15:49:57.144,235,0.36
1757616597.1763113,2025-09-11 15:49:57.176,235,0.36
1757616597.2077959,2025-09-11 15:49:57.207,240,0.36
1757616597.2391362,2025-09-11 15:49:57.239,240,0.36
1757616597.2703981,2025-09-11 15:49:57.270,240,0.36
1757616597.2915366,2025-09-11 15:49:57.291,240,0.36
1757616597.3227108,2025-09-11 15:49:57.322,240,0.36
1757616597.3539615,2025-09-11 15:49:57.353,240,0.36
1757616597.385295,2025-09-11 15:49:57.385,240,0.36
1757616597.4165218,2025-09-11 15:49:57.416,240,0.36
1757616597.4377315,2025-09-11 15:49:57.437,240,0.36
1757616597.4690504,2025-09-11 15:49:57.469,240,0.36
1757616597.5002542,2025-09-11 15:49:57.500,240,0.36
1757616597.5315146,2025-09-11 15:49:57.531,240,0.36
1757616597.562877,2025-09-11 15:49:57.562,240,0.36
1757616597.5840776,2025-09-11 15:49:57.584,240,0.36
1757616597.6153224,2025-09-11 15:49:57.615,240,0.36
1757616597.6465876,2025-09-11 15:49:57.646,240,0.36
1757616597.6779478,2025-09-11 15:49:57.677,240,0.36
1757616597.7091835,2025-09-11 15:49:57.709,240,0.36
1757616597.7403412,2025-09-11 15:49:57.740,240,0.36
1757616597.7615085,2025-09-11 15:49:57.761,240,0.36
1757616597.7929175,2025-09-11 15:49:57.792,240,0.36
1757616597.8241992,2025-09-11 15:49:57.824,240,0.36
1757616597.855405,2025-09-11 15:49:57.855,240,0.36
1757616597.8866715,2025-09-11 15:49:57.886,240,0.36
1757616597.9078956,2025-09-11 15:49:57.907,240,0.36
1757616597.9391816,2025-09-11 15:49:57.939,240,0.36
1757616597.97044,2025-09-11 15:49:57.970,240,0.37
1757616598.0017323,2025-09-11 15:49:58.001,240,0.37
1757616598.033029,2025-09-11 15:49:58.033,240,0.37
1757616598.0542524,2025-09-11 15:49:58.054,240,0.37
1757616598.0856655,2025-09-11 15:49:58.085,240,0.36
1757616598.1171045,2025-09-11 15:49:58.117,240,0.36
1757616598.1484256,2025-09-11 15:49:58.148,240,0.36
1757616598.1797209,2025-09-11 15:49:58.179,240,0.36
1757616598.200936,2025-09-11 15:49:58.200,240,0.36
1757616598.232139,2025-09-11 15:49:58.232,240,0.36
1757616598.263379,2025-09-11 15:49:58.263,240,0.36
1757616598.294681,2025-09-11 15:49:58.294,240,0.36
1757616598.3262293,2025-09-11 15:49:58.326,240,0.36
1757616598.3474846,2025-09-11 15:49:58.347,240,0.36
1757616598.3792686,2025-09-11 15:49:58.379,240,0.36
1757616598.410091,2025-09-11 15:49:58.410,240,0.36
1757616598.44128,2025-09-11 15:49:58.441,240,0.36
1757616598.4727557,2025-09-11 15:49:58.472,240,0.36
1757616598.494007,2025-09-11 15:49:58.494,240,0.36
1757616598.525235,2025-09-11 15:49:58.525,240,0.36
1757616598.5565264,2025-09-11 15:49:58.556,240,0.36
1757616598.5877798,2025-09-11 15:49:58.587,240,0.36
1757616598.6192856,2025-09-11 15:49:58.619,240,0.36
1757616598.6405497,2025-09-11 15:49:58.640,240,0.36
1757616598.6721866,2025-09-11 15:49:58.672,240,0.35
1757616598.7038293,2025-09-11 15:49:58.703,240,0.35
1757616598.7351758,2025-09-11 15:49:58.735,240,0.35
1757616598.7663856,2025-09-11 15:49:58.766,240,0.35
1757616598.7875352,2025-09-11 15:49:58.787,240,0.36
1757616598.8187494,2025-09-11 15:49:58.818,240,0.36
1757616598.8499875,2025-09-11 15:49:58.849,240,0.36
1757616598.8812551,2025-09-11 15:49:58.881,240,0.36
1757616598.9127407,2025-09-11 15:49:58.912,240,0.36
1757616598.933983,2025-09-11 15:49:58.933,240,0.36
1757616598.9653807,2025-09-11 15:49:58.965,240,0.36
1757616598.9969823,2025-09-11 15:49:58.996,240,0.36
1757616599.0287166,2025-09-11 15:49:59.028,240,0.36
1757616599.0600545,2025-09-11 15:49:59.060,240,0.36
1757616599.0812275,2025-09-11 15:49:59.081,240,0.36
1757616599.1126957,2025-09-11 15:49:59.112,240,0.36
1757616599.144014,2025-09-11 15:49:59.144,240,0.36
1757616599.1753356,2025-09-11 15:49:59.175,240,0.36
1757616599.206641,2025-09-11 15:49:59.206,240,0.36
1757616599.2277834,2025-09-11 15:49:59.227,240,0.36
1757616599.259157,2025-09-11 15:49:59.259,240,0.35
1757616599.2904809,2025-09-11 15:49:59.290,240,0.35
1757616599.3217897,2025-09-11 15:49:59.321,240,0.35
1757616599.3530865,2025-09-11 15:49:59.353,240,0.35
1757616599.3742955,2025-09-11 15:49:59.374,240,0.36
1757616599.4054933,2025-09-11 15:49:59.405,240,0.36
1757616599.436742,2025-09-11 15:49:59.436,240,0.36
1757616599.468049,2025-09-11 15:49:59.468,240,0.36
1757616599.4993458,2025-09-11 15:49:59.499,240,0.36
1757616599.5205936,2025-09-11 15:49:59.520,240,0.36
1757616599.5519326,2025-09-11 15:49:59.551,240,0.36
1757616599.5833478,2025-09-11 15:49:59.583,240,0.36
1757616599.6148107,2025-09-11 15:49:59.614,240,0.36
1757616599.6461143,2025-09-11 15:49:59.646,240,0.36
1757616599.6673365,2025-09-11 15:49:59.667,240,0.36
1757616599.6985323,2025-09-11 15:49:59.698,240,0.36
1757616599.7297716,2025-09-11 15:49:59.729,240,0.36
1757616599.7610664,2025-09-11 15:49:59.761,240,0.36
1757616599.7923605,2025-09-11 15:49:59.792,240,0.36
1757616599.8135893,2025-09-11 15:49:59.813,240,0.36
1757616599.8453166,2025-09-11 15:49:59.845,240,0.36
1757616599.8767874,2025-09-11 15:49:59.876,240,0.36
1757616599.9081042,2025-09-11 15:49:59.908,240,0.36
1757616599.939436,2025-09-11 15:49:59.939,240,0.36
1757616599.9607065,2025-09-11 15:49:59.960,240,0.36
1757616599.991959,2025-09-11 15:49:59.991,240,0.36
1757616600.0232203,2025-09-11 15:50:00.023,240,0.36
1757616600.054723,2025-09-11 15:50:00.054,240,0.36
1757616600.08609,2025-09-11 15:50:00.086,240,0.36
1757616600.1072881,2025-09-11 15:50:00.107,240,0.36
1757616600.1386847,2025-09-11 15:50:00.138,240,0.36
1757616600.1699471,2025-09-11 15:50:00.169,240,0.36
1757616600.2014806,2025-09-11 15:50:00.201,240,0.36
1757616600.2328115,2025-09-11 15:50:00.232,245,0.36
1757616600.254036,2025-09-11 15:50:00.254,245,0.36
1757616600.285506,2025-09-11 15:50:00.285,245,0.36
1757616600.3168285,2025-09-11 15:50:00.316,245,0.36
1757616600.3482785,2025-09-11 15:50:00.348,245,0.36
1757616600.3795788,2025-09-11 15:50:00.379,245,0.36
1757616600.4008098,2025-09-11 15:50:00.400,245,0.36
1757616600.4316993,2025-09-11 15:50:00.431,245,0.37
1757616600.46306,2025-09-11 15:50:00.463,245,0.37
1757616600.494693,2025-09-11 15:50:00.494,245,0.37
1757616600.5263245,2025-09-11 15:50:00.526,245,0.37
1757616600.5476842,2025-09-11 15:50:00.547,245,0.36
1757616600.5793033,2025-09-11 15:50:00.579,245,0.36
1757616600.611108,2025-09-11 15:50:00.611,245,0.36
1757616600.6424434,2025-09-11 15:50:00.642,245,0.36
1757616600.6636379,2025-09-11 15:50:00.663,245,0.36
1757616600.695178,2025-09-11 15:50:00.695,245,0.36
1757616600.7267506,2025-09-11 15:50:00.726,245,0.36
1757616600.7581124,2025-09-11 15:50:00.758,245,0.36
1757616600.7897518,2025-09-11 15:50:00.789,245,0.36
1757616600.8112705,2025-09-11 15:50:00.811,245,0.36
1757616600.8429403,2025-09-11 15:50:00.842,245,0.36
1757616600.87471,2025-09-11 15:50:00.874,245,0.36
1757616600.9065127,2025-09-11 15:50:00.906,245,0.36
1757616600.9280486,2025-09-11 15:50:00.928,245,0.36
1757616600.9595847,2025-09-11 15:50:00.959,245,0.36
1757616600.9913447,2025-09-11 15:50:00.991,245,0.36
1757616601.0227895,2025-09-11 15:50:01.022,245,0.36
1757616601.0541308,2025-09-11 15:50:01.054,245,0.36
1757616601.0752714,2025-09-11 15:50:01.075,245,0.36
1757616601.105746,2025-09-11 15:50:01.105,245,0.36
1757616601.137053,2025-09-11 15:50:01.137,245,0.36
1757616601.168468,2025-09-11 15:50:01.168,245,0.36
1757616601.199774,2025-09-11 15:50:01.199,245,0.36
1757616601.220971,2025-09-11 15:50:01.220,245,0.36
1757616601.2521813,2025-09-11 15:50:01.252,245,0.36
1757616601.2836316,2025-09-11 15:50:01.283,245,0.36
1757616601.3153613,2025-09-11 15:50:01.315,245,0.36
1757616601.3468375,2025-09-11 15:50:01.346,245,0.36
1757616601.3680975,2025-09-11 15:50:01.368,245,0.37
1757616601.3993506,2025-09-11 15:50:01.399,245,0.37
1757616601.4306302,2025-09-11 15:50:01.430,245,0.37
1757616601.4619343,2025-09-11 15:50:01.461,245,0.37
1757616601.493249,2025-09-11 15:50:01.493,245,0.36
1757616601.5144773,2025-09-11 15:50:01.514,245,0.36
1757616601.545743,2025-09-11 15:50:01.545,245,0.36
1757616601.577003,2025-09-11 15:50:01.577,245,0.36
1757616601.6084666,2025-09-11 15:50:01.608,245,0.36
1757616601.6394074,2025-09-11 15:50:01.639,245,0.36
1757616601.6607785,2025-09-11 15:50:01.660,245,0.36
1757616601.6923869,2025-09-11 15:50:01.692,245,0.36
1757616601.7240586,2025-09-11 15:50:01.724,245,0.37
1757616601.755674,2025-09-11 15:50:01.755,245,0.37
1757616601.7872705,2025-09-11 15:50:01.787,245,0.37
1757616601.8087118,2025-09-11 15:50:01.808,245,0.37
1757616601.8404834,2025-09-11 15:50:01.840,245,0.37
1757616601.872246,2025-09-11 15:50:01.872,245,0.37
1757616601.903703,2025-09-11 15:50:01.903,245,0.37
1757616601.9249454,2025-09-11 15:50:01.924,245,0.37
1757616601.9562488,2025-09-11 15:50:01.956,245,0.37
1757616601.9875484,2025-09-11 15:50:01.987,245,0.37
1757616602.018858,2025-09-11 15:50:02.018,245,0.37
1757616602.0494015,2025-09-11 15:50:02.049,245,0.37
1757616602.0807703,2025-09-11 15:50:02.080,245,0.37
1757616602.1016989,2025-09-11 15:50:02.101,245,0.37
1757616602.1332114,2025-09-11 15:50:02.133,245,0.37
1757616602.1648383,2025-09-11 15:50:02.164,245,0.37
1757616602.1962373,2025-09-11 15:50:02.196,245,0.37
1757616602.227628,2025-09-11 15:50:02.227,245,0.37
1757616602.2488782,2025-09-11 15:50:02.248,245,0.37
1757616602.2802382,2025-09-11 15:50:02.280,245,0.37
1757616602.311813,2025-09-11 15:50:02.311,245,0.37
1757616602.3431914,2025-09-11 15:50:02.343,245,0.37
1757616602.3644497,2025-09-11 15:50:02.364,245,0.37
1757616602.3957424,2025-09-11 15:50:02.395,245,0.37
1757616602.4269373,2025-09-11 15:50:02.426,245,0.37
1757616602.4579809,2025-09-11 15:50:02.457,245,0.37
1757616602.4894102,2025-09-11 15:50:02.489,245,0.37
1757616602.5207255,2025-09-11 15:50:02.520,245,0.37
1757616602.5418923,2025-09-11 15:50:02.541,245,0.37
1757616602.5732157,2025-09-11 15:50:02.573,245,0.37
1757616602.6045382,2025-09-11 15:50:02.604,245,0.37
1757616602.636088,2025-09-11 15:50:02.636,245,0.37
1757616602.6674922,2025-09-11 15:50:02.667,245,0.37
1757616602.6886725,2025-09-11 15:50:02.688,245,0.37
1757616602.7201622,2025-09-11 15:50:02.720,245,0.37
1757616602.7517903,2025-09-11 15:50:02.751,245,0.37
1757616602.7833257,2025-09-11 15:50:02.783,245,0.38
1757616602.8045962,2025-09-11 15:50:02.804,245,0.38
1757616602.8358655,2025-09-11 15:50:02.835,245,0.38
1757616602.8672926,2025-09-11 15:50:02.867,245,0.38
1757616602.8987446,2025-09-11 15:50:02.898,245,0.38
1757616602.9303331,2025-09-11 15:50:02.930,245,0.38
1757616602.9517932,2025-09-11 15:50:02.951,245,0.38
1757616602.9831233,2025-09-11 15:50:02.983,245,0.38
1757616603.0147195,2025-09-11 15:50:03.014,245,0.38
1757616603.0463254,2025-09-11 15:50:03.046,245,0.38
1757616603.0778704,2025-09-11 15:50:03.077,245,0.38
1757616603.0991032,2025-09-11 15:50:03.099,245,0.38
1757616603.1303952,2025-09-11 15:50:03.130,245,0.37
1757616603.161825,2025-09-11 15:50:03.161,245,0.37
1757616603.193154,2025-09-11 15:50:03.193,245,0.37
1757616603.2244544,2025-09-11 15:50:03.224,245,0.37
1757616603.2455792,2025-09-11 15:50:03.245,250,0.37
1757616603.2767196,2025-09-11 15:50:03.276,250,0.37
1757616603.307882,2025-09-11 15:50:03.307,250,0.37
1757616603.3390152,2025-09-11 15:50:03.339,250,0.37
1757616603.3703465,2025-09-11 15:50:03.370,250,0.38
1757616603.3915682,2025-09-11 15:50:03.391,250,0.38
1757616603.422811,2025-09-11 15:50:03.422,250,0.38
1757616603.4540052,2025-09-11 15:50:03.454,250,0.38
1757616603.4852395,2025-09-11 15:50:03.485,250,0.38
1757616603.5164254,2025-09-11 15:50:03.516,250,0.38
1757616603.5375977,2025-09-11 15:50:03.537,250,0.38
1757616603.568793,2025-09-11 15:50:03.568,250,0.38
1757616603.5999534,2025-09-11 15:50:03.599,250,0.38
1757616603.6312962,2025-09-11 15:50:03.631,250,0.38
1757616603.6626637,2025-09-11 15:50:03.662,250,0.38
1757616603.6939962,2025-09-11 15:50:03.693,250,0.38
1757616603.7152169,2025-09-11 15:50:03.715,250,0.39
1757616603.7464101,2025-09-11 15:50:03.746,250,0.39
1757616603.7775943,2025-09-11 15:50:03.777,250,0.39
1757616603.8088007,2025-09-11 15:50:03.808,250,0.39
1757616603.8397248,2025-09-11 15:50:03.839,250,0.38
1757616603.860959,2025-09-11 15:50:03.860,250,0.38
1757616603.892227,2025-09-11 15:50:03.892,250,0.38
1757616603.923515,2025-09-11 15:50:03.923,250,0.38
1757616603.9550343,2025-09-11 15:50:03.955,250,0.38
1757616603.986812,2025-09-11 15:50:03.986,250,0.38
1757616604.0080764,2025-09-11 15:50:04.008,250,0.38
1757616604.039483,2025-09-11 15:50:04.039,250,0.38
1757616604.0710804,2025-09-11 15:50:04.071,250,0.38
1757616604.102683,2025-09-11 15:50:04.102,250,0.38
1757616604.1342115,2025-09-11 15:50:04.134,250,0.38
1757616604.1556454,2025-09-11 15:50:04.155,250,0.38
1757616604.1870143,2025-09-11 15:50:04.187,250,0.38
1757616604.2185414,2025-09-11 15:50:04.218,250,0.38
1757616604.249951,2025-09-11 15:50:04.249,250,0.38
1757616604.2712064,2025-09-11 15:50:04.271,250,0.38
1757616604.3024802,2025-09-11 15:50:04.302,250,0.38
1757616604.333999,2025-09-11 15:50:04.333,250,0.38
1757616604.3656015,2025-09-11 15:50:04.365,250,0.38
1757616604.3972,2025-09-11 15:50:04.397,250,0.38
1757616604.4184794,2025-09-11 15:50:04.418,250,0.38
1757616604.4500716,2025-09-11 15:50:04.450,250,0.38
1757616604.4815679,2025-09-11 15:50:04.481,250,0.38
1757616604.5126112,2025-09-11 15:50:04.512,250,0.38
1757616604.5439787,2025-09-11 15:50:04.543,250,0.39
1757616604.565306,2025-09-11 15:50:04.565,250,0.39
1757616604.5966966,2025-09-11 15:50:04.596,250,0.39
1757616604.6284502,2025-09-11 15:50:04.628,250,0.39
1757616604.6602497,2025-09-11 15:50:04.660,250,0.38
1757616604.6817238,2025-09-11 15:50:04.681,250,0.38
1757616604.7134523,2025-09-11 15:50:04.713,250,0.38
1757616604.7452068,2025-09-11 15:50:04.745,250,0.38
1757616604.7769146,2025-09-11 15:50:04.776,250,0.38
1757616604.8086624,2025-09-11 15:50:04.808,250,0.38
1757616604.8301098,2025-09-11 15:50:04.830,250,0.38
1757616604.861687,2025-09-11 15:50:04.861,250,0.38
1757616604.8929875,2025-09-11 15:50:04.892,250,0.38
1757616604.9243047,2025-09-11 15:50:04.924,250,0.38
1757616604.9454348,2025-09-11 15:50:04.945,250,0.38
1757616604.9766307,2025-09-11 15:50:04.976,250,0.38
1757616605.0078444,2025-09-11 15:50:05.007,250,0.38
1757616605.0389788,2025-09-11 15:50:05.038,250,0.38
1757616605.0701058,2025-09-11 15:50:05.070,250,0.38
1757616605.1012588,2025-09-11 15:50:05.101,250,0.38
1757616605.122479,2025-09-11 15:50:05.122,250,0.38
1757616605.1537988,2025-09-11 15:50:05.153,250,0.38
1757616605.1852381,2025-09-11 15:50:05.185,250,0.38
1757616605.2165463,2025-09-11 15:50:05.216,250,0.38
1757616605.247912,2025-09-11 15:50:05.247,250,0.38
1757616605.2691472,2025-09-11 15:50:05.269,250,0.38
1757616605.300696,2025-09-11 15:50:05.300,250,0.38
1757616605.332164,2025-09-11 15:50:05.332,250,0.38
1757616605.3635976,2025-09-11 15:50:05.363,250,0.39
1757616605.3952286,2025-09-11 15:50:05.395,250,0.39
1757616605.41665,2025-09-11 15:50:05.416,250,0.39
1757616605.448288,2025-09-11 15:50:05.448,250,0.39
1757616605.47998,2025-09-11 15:50:05.479,250,0.39
1757616605.5116053,2025-09-11 15:50:05.511,250,0.39
1757616605.5328581,2025-09-11 15:50:05.532,250,0.39
1757616605.5641725,2025-09-11 15:50:05.564,250,0.39
1757616605.5957012,2025-09-11 15:50:05.595,250,0.38
1757616605.627429,2025-09-11 15:50:05.627,250,0.38
1757616605.6591856,2025-09-11 15:50:05.659,250,0.38
1757616605.6805942,2025-09-11 15:50:05.680,250,0.38
1757616605.7119856,2025-09-11 15:50:05.711,250,0.38
1757616605.7434018,2025-09-11 15:50:05.743,250,0.38
1757616605.7747154,2025-09-11 15:50:05.774,250,0.38
1757616605.7959807,2025-09-11 15:50:05.795,250,0.38
1757616605.827745,2025-09-11 15:50:05.827,250,0.38
1757616605.8591022,2025-09-11 15:50:05.859,250,0.38
1757616605.8904247,2025-09-11 15:50:05.890,250,0.38
1757616605.921857,2025-09-11 15:50:05.921,250,0.38
1757616605.9430883,2025-09-11 15:50:05.943,250,0.38
1757616605.9744167,2025-09-11 15:50:05.974,250,0.38
1757616606.0059018,2025-09-11 15:50:06.005,250,0.38
1757616606.0372915,2025-09-11 15:50:06.037,250,0.38
1757616606.0687385,2025-09-11 15:50:06.068,250,0.38
1757616606.0901945,2025-09-11 15:50:06.090,250,0.38
1757616606.1217763,2025-09-11 15:50:06.121,250,0.38
1757616606.1534066,2025-09-11 15:50:06.153,250,0.38
1757616606.185123,2025-09-11 15:50:06.185,250,0.38
1757616606.2065885,2025-09-11 15:50:06.206,250,0.38
1757616606.2381737,2025-09-11 15:50:06.238,250,0.38
1757616606.2695315,2025-09-11 15:50:06.269,250,0.38
1757616606.300946,2025-09-11 15:50:06.300,250,0.38
1757616606.3323607,2025-09-11 15:50:06.332,250,0.38
1757616606.353755,2025-09-11 15:50:06.353,250,0.38
1757616606.3853195,2025-09-11 15:50:06.385,250,0.38
1757616606.416764,2025-09-11 15:50:06.416,250,0.39
1757616606.4480927,2025-09-11 15:50:06.448,250,0.39
1757616606.4796324,2025-09-11 15:50:06.479,250,0.39
1757616606.5010376,2025-09-11 15:50:06.501,250,0.39
1757616606.5319235,2025-09-11 15:50:06.531,250,0.39
1757616606.5631964,2025-09-11 15:50:06.563,250,0.39
1757616606.594669,2025-09-11 15:50:06.594,250,0.39
1757616606.626014,2025-09-11 15:50:06.626,250,0.39
1757616606.6467228,2025-09-11 15:50:06.646,250,0.39
1757616606.6781728,2025-09-11 15:50:06.678,250,0.39
1757616606.709599,2025-09-11 15:50:06.709,250,0.39
1757616606.7413502,2025-09-11 15:50:06.741,250,0.39
1757616606.7728314,2025-09-11 15:50:06.772,250,0.39
1757616606.7942955,2025-09-11 15:50:06.794,250,0.39
1757616606.82604,2025-09-11 15:50:06.826,250,0.39
1757616606.8577955,2025-09-11 15:50:06.857,250,0.39
1757616606.8892164,2025-09-11 15:50:06.889,250,0.39
1757616606.910461,2025-09-11 15:50:06.910,250,0.39
1757616606.9417593,2025-09-11 15:50:06.941,250,0.39
1757616606.9730744,2025-09-11 15:50:06.973,250,0.39
1757616607.004413,2025-09-11 15:50:07.004,250,0.39
1757616607.036034,2025-09-11 15:50:07.036,250,0.39
1757616607.0572858,2025-09-11 15:50:07.057,250,0.39
1757616607.0887275,2025-09-11 15:50:07.088,250,0.39
1757616607.1201193,2025-09-11 15:50:07.120,250,0.38
1757616607.1514354,2025-09-11 15:50:07.151,250,0.38
1757616607.1828592,2025-09-11 15:50:07.182,250,0.38
1757616607.204127,2025-09-11 15:50:07.204,250,0.38
1757616607.2355578,2025-09-11 15:50:07.235,250,0.38
1757616607.2670145,2025-09-11 15:50:07.267,250,0.38
1757616607.298691,2025-09-11 15:50:07.298,250,0.38
1757616607.3300881,2025-09-11 15:50:07.330,250,0.38
1757616607.3514526,2025-09-11 15:50:07.351,250,0.38
1757616607.3830643,2025-09-11 15:50:07.383,250,0.38
1757616607.414611,2025-09-11 15:50:07.414,250,0.38
1757616607.4463449,2025-09-11 15:50:07.446,250,0.38
1757616607.467637,2025-09-11 15:50:07.467,250,0.38
1757616607.499139,2025-09-11 15:50:07.499,250,0.38
1757616607.530769,2025-09-11 15:50:07.530,250,0.38
1757616607.562433,2025-09-11 15:50:07.562,250,0.38
1757616607.5941005,2025-09-11 15:50:07.594,250,0.4
1757616607.6155293,2025-09-11 15:50:07.615,250,0.4
1757616607.647263,2025-09-11 15:50:07.647,250,0.4
1757616607.6788335,2025-09-11 15:50:07.678,250,0.4
1757616607.71044,2025-09-11 15:50:07.710,250,0.39
1757616607.7316897,2025-09-11 15:50:07.731,250,0.39
1757616607.7630515,2025-09-11 15:50:07.763,250,0.39
1757616607.7944264,2025-09-11 15:50:07.794,250,0.39
1757616607.8259006,2025-09-11 15:50:07.825,250,0.4
1757616607.8572328,2025-09-11 15:50:07.857,250,0.4
1757616607.8783755,2025-09-11 15:50:07.878,250,0.4
1757616607.9096222,2025-09-11 15:50:07.909,250,0.4
1757616607.9411924,2025-09-11 15:50:07.941,250,0.39
1757616607.9725206,2025-09-11 15:50:07.972,250,0.39
