timestamp,datetime,pwm_right,vel_right
1000000.0,2025-10-13 13:06:36.270437,0,0.00138265166866378
1000000.0100125156,2025-10-13 13:06:36.270437,0,0.002336948476908709
1000000.0200250313,2025-10-13 13:06:36.270437,0,0.0007886077964208774
1000000.0300375469,2025-10-13 13:06:36.270437,0,0.0004517339019933521
1000000.0400500626,2025-10-13 13:06:36.270437,0,0.0027031581785732194
1000000.0500625782,2025-10-13 13:06:36.270437,0,0.0013546492178652435
1000000.0600750939,2025-10-13 13:06:36.270437,0,-0.0023605440633123155
1000000.0700876095,2025-10-13 13:06:36.270437,0,-0.0010154453131871765
1000000.0801001252,2025-10-13 13:06:36.270437,0,-0.0004852199434321527
1000000.0901126408,2025-10-13 13:06:36.270437,0,-0.0023158720601057312
1000000.1001251565,2025-10-13 13:06:36.270437,0,-0.0011632470863990377
1000000.110137672,2025-10-13 13:06:36.270437,0,0.00027157199345717077
1000000.1201501878,2025-10-13 13:06:36.270437,0,-0.0011023826758067708
1000000.1301627033,2025-10-13 13:06:36.270437,0,0.00025411295748250856
1000000.140175219,2025-10-13 13:06:36.270437,0,-0.001621515117971565
1000000.1501877346,2025-10-13 13:06:36.270437,0,0.00043351277042611867
1000000.1602002503,2025-10-13 13:06:36.270437,0,0.0011335897851660476
1000000.1702127659,2025-10-13 13:06:36.270437,0,0.00021539667771673874
1000000.1802252816,2025-10-13 13:06:36.270437,0,-0.00022821081128889887
1000000.1902377972,2025-10-13 13:06:36.270437,0,-9.532483775213189e-05
1000000.2002503129,2025-10-13 13:06:36.270437,0,-0.0018408990425773113
1000000.2102628285,2025-10-13 13:06:36.270437,0,0.003533925415505045
1000000.2202753442,2025-10-13 13:06:36.270437,0,-0.0031327479343914912
1000000.2302878598,2025-10-13 13:06:36.270437,0,0.0005504289786897725
1000000.2403003755,2025-10-13 13:06:36.270437,0,-0.0007058984849066303
1000000.2503128911,2025-10-13 13:06:36.270437,0,0.0008012430768113803
1000000.2603254068,2025-10-13 13:06:36.270437,0,-0.0017650621210327044
1000000.2703379224,2025-10-13 13:06:36.270437,0,-0.000990974745177898
1000000.2803504381,2025-10-13 13:06:36.270437,0,0.0002814277985532071
1000000.2903629537,2025-10-13 13:06:36.270437,0,-0.0007356581577876998
1000000.3003754694,2025-10-13 13:06:36.270437,0,0.0004937738660906312
1000000.310387985,2025-10-13 13:06:36.270437,0,-3.275942668726158e-05
1000000.3204005007,2025-10-13 13:06:36.270437,0,-0.0014211299686617419
1000000.3304130163,2025-10-13 13:06:36.270437,0,-0.001072529314156521
1000000.340425532,2025-10-13 13:06:36.270437,0,0.001375269668174089
1000000.3504380475,2025-10-13 13:06:36.270437,0,0.000691522387545733
1000000.3604505633,2025-10-13 13:06:36.270437,0,0.0022739844679859223
1000000.3704630788,2025-10-13 13:06:36.270437,0,0.002359598508619353
1000000.3804755945,2025-10-13 13:06:36.270437,0,0.002289448010972674
1000000.3904881101,2025-10-13 13:06:36.270437,0,-0.0026191081657379674
1000000.4005006258,2025-10-13 13:06:36.270437,0,0.0027196068648193427
1000000.4105131414,2025-10-13 13:06:36.270437,0,-0.0017222354639685256
1000000.4205256571,2025-10-13 13:06:36.270437,0,0.0007964799099200269
1000000.4305381727,2025-10-13 13:06:36.270437,0,-0.00292741842843151
1000000.4405506883,2025-10-13 13:06:36.270437,0,0.00015491492395086355
1000000.450563204,2025-10-13 13:06:36.270437,0,0.0014561967303873874
1000000.4605757196,2025-10-13 13:06:36.270437,0,-0.00047424560958748236
1000000.4705882353,2025-10-13 13:06:36.270437,0,-0.0022844806202006376
1000000.4806007509,2025-10-13 13:06:36.270437,0,-0.00036535718986653554
1000000.4906132666,2025-10-13 13:06:36.270437,0,0.002164166425523224
1000000.5006257822,2025-10-13 13:06:36.270437,0,-0.001879246022283111
1000000.5106382979,2025-10-13 13:06:36.270437,0,-0.0029337171375678475
1000000.5206508135,2025-10-13 13:06:36.270437,0,0.001657016154323033
1000000.5306633292,2025-10-13 13:06:36.270437,0,0.0004447292685722039
1000000.5406758448,2025-10-13 13:06:36.270437,0,-0.0015141178073247708
1000000.5506883605,2025-10-13 13:06:36.270437,0,-0.0031610745003519273
1000000.560700876,2025-10-13 13:06:36.270437,0,-0.003459802432251635
1000000.5707133918,2025-10-13 13:06:36.270437,0,-0.002336646457457997
1000000.5807259073,2025-10-13 13:06:36.270437,0,-0.002681640529367494
1000000.590738423,2025-10-13 13:06:36.270437,0,-0.0021123115117103056
1000000.6007509386,2025-10-13 13:06:36.270437,0,-0.00041863031330009634
1000000.6107634543,2025-10-13 13:06:36.270437,0,0.001838820722709142
1000000.6207759699,2025-10-13 13:06:36.270437,0,-0.0008835436660128024
1000000.6307884856,2025-10-13 13:06:36.270437,0,0.003495714290491879
1000000.6408010012,2025-10-13 13:06:36.270437,0,0.0053633501379660884
1000000.6508135169,2025-10-13 13:06:36.270437,0,-0.000909474883875835
1000000.6608260325,2025-10-13 13:06:36.270437,0,0.002407375513824885
1000000.6708385482,2025-10-13 13:06:36.270437,0,0.004046589100913597
1000000.6808510638,2025-10-13 13:06:36.270437,0,-0.001075617533640465
1000000.6908635795,2025-10-13 13:06:36.270437,0,-0.002460798012349054
1000000.7008760951,2025-10-13 13:06:36.270437,0,-0.002025995970168743
1000000.7108886108,2025-10-13 13:06:36.270437,0,0.00039287415831814275
1000000.7209011264,2025-10-13 13:06:36.270437,0,-0.00025805588481608117
1000000.7309136421,2025-10-13 13:06:36.270437,0,-0.0002598437248601256
1000000.7409261577,2025-10-13 13:06:36.270437,0,-0.0010243789698416229
1000000.7509386734,2025-10-13 13:06:36.270437,0,0.0034775082926843007
1000000.760951189,2025-10-13 13:06:36.270437,0,0.0019729258897523577
1000000.7709637047,2025-10-13 13:06:36.270437,0,-0.0007817961513925717
1000000.7809762203,2025-10-13 13:06:36.270437,0,0.0019646698303503324
1000000.790988736,2025-10-13 13:06:36.270437,0,-0.0018057396614761128
1000000.8010012516,2025-10-13 13:06:36.270437,0,-0.0008670697681738404
1000000.8110137673,2025-10-13 13:06:36.270437,0,0.0006385196179943686
1000000.8210262829,2025-10-13 13:06:36.270437,0,0.0013787342990106129
1000000.8310387986,2025-10-13 13:06:36.270437,0,-0.002427651335803635
1000000.8410513141,2025-10-13 13:06:36.270437,0,0.002081336955441112
1000000.8510638297,2025-10-13 13:06:36.270437,0,-0.0023635411914994073
1000000.8610763454,2025-10-13 13:06:36.270437,0,0.0023381097948753215
1000000.871088861,2025-10-13 13:06:36.270437,0,-0.0015805779464938868
1000000.8811013767,2025-10-13 13:06:36.270437,0,-0.0014961890128193202
1000000.8911138923,2025-10-13 13:06:36.270437,0,-0.0005554291644766213
1000000.901126408,2025-10-13 13:06:36.270437,0,0.002960486460445606
1000000.9111389236,2025-10-13 13:06:36.270437,0,0.00368088219634628
1000000.9211514393,2025-10-13 13:06:36.270437,0,0.0010338140211947247
1000000.9311639549,2025-10-13 13:06:36.270437,0,0.0038167262923379875
1000000.9411764706,2025-10-13 13:06:36.270437,0,0.0017991670385547462
1000000.9511889862,2025-10-13 13:06:36.270437,0,-0.000752260520338017
1000000.9612015019,2025-10-13 13:06:36.270437,0,0.0030512884640548506
1000000.9712140175,2025-10-13 13:06:36.270437,0,-0.0019976816755228307
1000000.9812265332,2025-10-13 13:06:36.270437,0,0.001632194004708334
1000000.9912390488,2025-10-13 13:06:36.270437,0,-0.001170833158047475
1000001.0012515645,2025-10-13 13:06:36.270437,0,-0.0022561544350599826
1000001.0112640801,2025-10-13 13:06:36.270437,0,0.0023477456172204285
1000001.0212765958,2025-10-13 13:06:36.270437,0,0.0019628463892534453
1000001.0312891114,2025-10-13 13:06:36.270437,0,0.0013344404858465326
1000001.0413016271,2025-10-13 13:06:36.270437,0,0.0009886120926434613
1000001.0513141426,2025-10-13 13:06:36.270437,0,0.003117977638251552
1000001.0613266584,2025-10-13 13:06:36.270437,0,0.0010254939757349246
1000001.0713391739,2025-10-13 13:06:36.270437,0,-0.0003858275295833957
1000001.0813516896,2025-10-13 13:06:36.270437,0,0.0006944126228542055
1000001.0913642052,2025-10-13 13:06:36.270437,0,0.0009805416490096654
1000001.1013767209,2025-10-13 13:06:36.270437,0,-0.0037394209611669696
1000001.1113892365,2025-10-13 13:06:36.270437,0,0.0012606033530795468
1000001.1214017522,2025-10-13 13:06:36.270437,0,-0.0009129463850276468
1000001.1314142678,2025-10-13 13:06:36.270437,0,-0.001543281924127657
1000001.1414267835,2025-10-13 13:06:36.270437,0,-0.0004990211572465263
1000001.1514392991,2025-10-13 13:06:36.270437,0,-0.0006956787505979022
1000001.1614518148,2025-10-13 13:06:36.270437,0,0.0002709839481745489
1000001.1714643304,2025-10-13 13:06:36.270437,0,-0.0035554503077829362
1000001.1814768461,2025-10-13 13:06:36.270437,0,0.00016925593960680113
1000001.1914893617,2025-10-13 13:06:36.270437,0,0.001950092785825901
1000001.2015018774,2025-10-13 13:06:36.270437,0,-0.00045205968610160054
1000001.211514393,2025-10-13 13:06:36.270437,0,0.003453388712446639
1000001.2215269087,2025-10-13 13:06:36.270437,0,-0.0015939094379475213
1000001.2315394243,2025-10-13 13:06:36.270437,0,-0.002650252289850977
1000001.24155194,2025-10-13 13:06:36.270437,0,-0.000982831050796068
1000001.2515644556,2025-10-13 13:06:36.270437,0,0.00449577631520894
1000001.2615769713,2025-10-13 13:06:36.270437,0,-0.002441191093706804
1000001.2715894869,2025-10-13 13:06:36.270437,0,-0.00264675698658694
1000001.2816020024,2025-10-13 13:06:36.270437,0,0.0013762016354751153
1000001.2916145182,2025-10-13 13:06:36.270437,0,-0.0014440273315356883
1000001.3016270337,2025-10-13 13:06:36.270437,0,-0.0005196959576053482
1000001.3116395494,2025-10-13 13:06:36.270437,0,0.0013447792444903491
1000001.321652065,2025-10-13 13:06:36.270437,0,0.0021560785707735912
1000001.3316645807,2025-10-13 13:06:36.270437,0,0.0004239613417340857
1000001.3416770963,2025-10-13 13:06:36.270437,0,-0.005007107902957927
1000001.351689612,2025-10-13 13:06:36.270437,0,0.002663051910944944
1000001.3617021276,2025-10-13 13:06:36.270437,0,-0.0039932262522341345
1000001.3717146433,2025-10-13 13:06:36.270437,0,-0.0027842065926738445
1000001.3817271589,2025-10-13 13:06:36.270437,0,0.0011669127405827102
1000001.3917396746,2025-10-13 13:06:36.270437,0,4.957137626505189e-05
1000001.4017521902,2025-10-13 13:06:36.270437,0,-0.00014210641133204972
1000001.4117647059,2025-10-13 13:06:36.270437,0,-0.0022368998856406126
1000001.4217772215,2025-10-13 13:06:36.270437,0,-0.001572746088220714
1000001.4317897372,2025-10-13 13:06:36.270437,0,-0.0010272324171423232
1000001.4418022528,2025-10-13 13:06:36.270437,0,0.001463412637379662
1000001.4518147685,2025-10-13 13:06:36.270437,0,0.0021896823378583516
1000001.4618272841,2025-10-13 13:06:36.270437,0,-0.0005407046179083208
1000001.4718397998,2025-10-13 13:06:36.270437,0,0.00018781358865826593
1000001.4818523154,2025-10-13 13:06:36.270437,0,-0.0003157534532150582
1000001.4918648311,2025-10-13 13:06:36.270437,0,-0.001551381316252668
1000001.5018773467,2025-10-13 13:06:36.270437,0,-0.0010896948058874364
1000001.5118898624,2025-10-13 13:06:36.270437,0,0.0005300417115803393
1000001.521902378,2025-10-13 13:06:36.270437,0,0.003325599148214866
1000001.5319148937,2025-10-13 13:06:36.270437,0,0.0014094870720447999
1000001.5419274092,2025-10-13 13:06:36.270437,0,-0.0030870470966248087
1000001.551939925,2025-10-13 13:06:36.270437,0,-0.0013302451022771764
1000001.5619524405,2025-10-13 13:06:36.270437,0,0.00019335305269930873
1000001.5719649562,2025-10-13 13:06:36.270437,0,0.0031021265331119224
1000001.5819774718,2025-10-13 13:06:36.270437,0,0.004308242633283825
1000001.5919899875,2025-10-13 13:06:36.270437,0,0.0007104451639495416
1000001.6020025031,2025-10-13 13:06:36.270437,0,0.0004704020489257914
1000001.6120150188,2025-10-13 13:06:36.270437,0,-0.001946726865496985
1000001.6220275344,2025-10-13 13:06:36.270437,0,-0.005198900855609553
1000001.6320400501,2025-10-13 13:06:36.270437,0,-0.0015219572023087945
1000001.6420525657,2025-10-13 13:06:36.270437,0,0.0002465639253593517
1000001.6520650814,2025-10-13 13:06:36.270437,0,-0.00026723619012406874
1000001.662077597,2025-10-13 13:06:36.270437,0,0.002956836820978183
1000001.6720901127,2025-10-13 13:06:36.270437,0,0.003541968744834132
1000001.6821026283,2025-10-13 13:06:36.270437,0,0.0024047411850653994
1000001.6921151439,2025-10-13 13:06:36.270437,0,-4.4598749487935536e-05
1000001.7021276596,2025-10-13 13:06:36.270437,0,0.0021815821023680854
1000001.7121401752,2025-10-13 13:06:36.270437,0,-0.0004271200747546308
1000001.7221526909,2025-10-13 13:06:36.270437,0,8.929717737111803e-05
1000001.7321652065,2025-10-13 13:06:36.270437,0,-0.00015522411496263536
1000001.7421777222,2025-10-13 13:06:36.270437,0,0.0017727197375964417
1000001.7521902377,2025-10-13 13:06:36.270437,0,0.0033818518702811774
1000001.7622027535,2025-10-13 13:06:36.270437,0,-0.0006512555423152402
1000001.772215269,2025-10-13 13:06:36.270437,0,0.0025469374648916993
1000001.7822277847,2025-10-13 13:06:36.270437,0,0.002151291343856337
1000001.7922403003,2025-10-13 13:06:36.270437,0,0.00331092754243063
1000001.802252816,2025-10-13 13:06:36.270437,0,0.0010404784650040254
1000001.8122653316,2025-10-13 13:06:36.270437,0,-0.002434710853261988
1000001.8222778473,2025-10-13 13:06:36.270437,0,0.0023899009946864993
1000001.8322903629,2025-10-13 13:06:36.270437,0,-0.0014131379013855364
1000001.8423028786,2025-10-13 13:06:36.270437,0,-0.00045722745720846937
1000001.8523153942,2025-10-13 13:06:36.270437,0,-0.0008470989349230374
1000001.8623279099,2025-10-13 13:06:36.270437,0,-0.0015650724751731181
1000001.8723404255,2025-10-13 13:06:36.270437,0,0.00032889588740124033
1000001.8823529412,2025-10-13 13:06:36.270437,0,0.002698865983778846
1000001.8923654568,2025-10-13 13:06:36.270437,0,-0.0011968678451054352
1000001.9023779725,2025-10-13 13:06:36.270437,0,-0.004389205457977899
1000001.9123904881,2025-10-13 13:06:36.270437,0,0.003626254838101227
1000001.9224030038,2025-10-13 13:06:36.270437,0,0.0007029534561128277
1000001.9324155194,2025-10-13 13:06:36.270437,0,-0.00030171321330516325
1000001.9424280351,2025-10-13 13:06:36.270437,0,0.003534880556112178
1000001.9524405507,2025-10-13 13:06:36.270437,0,0.00121009573209639
1000001.9624530664,2025-10-13 13:06:36.270437,0,0.004261561137257122
1000001.972465582,2025-10-13 13:06:36.270437,0,0.0008774577857203585
1000001.9824780977,2025-10-13 13:06:36.270437,0,0.0012406195721624972
1000001.9924906133,2025-10-13 13:06:36.270437,0,0.0010558243541099377
1000002.002503129,2025-10-13 13:06:36.270437,80,0.0009727947827401023
1000002.0125156445,2025-10-13 13:06:36.270437,80,0.007812687845849797
1000002.0225281602,2025-10-13 13:06:36.270437,80,0.005047896671033733
1000002.0325406758,2025-10-13 13:06:36.270437,80,0.008263062777808767
1000002.0425531915,2025-10-13 13:06:36.270437,80,0.0050194794362839485
1000002.0525657071,2025-10-13 13:06:36.270437,80,0.009146389746209987
1000002.0625782228,2025-10-13 13:06:36.270437,80,0.007323657587918898
1000002.0725907384,2025-10-13 13:06:36.270437,80,0.011547663228737497
1000002.0826032541,2025-10-13 13:06:36.270437,80,0.01207662071953882
1000002.0926157697,2025-10-13 13:06:36.270437,80,0.01419010281578736
1000002.1026282854,2025-10-13 13:06:36.270437,80,0.013651581991003376
1000002.112640801,2025-10-13 13:06:36.270437,80,0.013755499977523471
1000002.1226533166,2025-10-13 13:06:36.270437,80,0.015514242815932236
1000002.1326658323,2025-10-13 13:06:36.270437,80,0.01617444618209533
1000002.1426783479,2025-10-13 13:06:36.270437,80,0.023140821265931654
1000002.1526908636,2025-10-13 13:06:36.270437,80,0.018200353393414363
1000002.1627033792,2025-10-13 13:06:36.270437,80,0.022012005087714333
1000002.1727158949,2025-10-13 13:06:36.270437,80,0.024153128690584457
1000002.1827284105,2025-10-13 13:06:36.270437,80,0.021392182058339808
1000002.1927409262,2025-10-13 13:06:36.270437,80,0.0238448460538902
1000002.2027534418,2025-10-13 13:06:36.270437,80,0.0268526121160584
1000002.2127659575,2025-10-13 13:06:36.270437,80,0.02330487736680894
1000002.222778473,2025-10-13 13:06:36.270437,80,0.027220366766788715
1000002.2327909888,2025-10-13 13:06:36.270437,80,0.02868095074318454
1000002.2428035043,2025-10-13 13:06:36.270437,80,0.02973315019450629
1000002.25281602,2025-10-13 13:06:36.270437,80,0.029726050214078866
1000002.2628285356,2025-10-13 13:06:36.270437,80,0.031105157639333584
1000002.2728410513,2025-10-13 13:06:36.270437,80,0.026268816456334283
1000002.2828535669,2025-10-13 13:06:36.270437,80,0.030754776916674043
1000002.2928660826,2025-10-13 13:06:36.270437,80,0.03145493015017257
1000002.3028785982,2025-10-13 13:06:36.270437,80,0.03206017720018836
1000002.3128911139,2025-10-13 13:06:36.270437,80,0.03580953343087744
1000002.3229036295,2025-10-13 13:06:36.270437,80,0.03184495385869656
1000002.3329161452,2025-10-13 13:06:36.270437,80,0.0319023052025583
1000002.3429286608,2025-10-13 13:06:36.270437,80,0.03672371456365453
1000002.3529411765,2025-10-13 13:06:36.270437,80,0.040399450807506156
1000002.3629536921,2025-10-13 13:06:36.270437,80,0.03763340222881905
1000002.3729662078,2025-10-13 13:06:36.270437,80,0.04095975726616809
1000002.3829787234,2025-10-13 13:06:36.270437,80,0.038676899743372545
1000002.3929912391,2025-10-13 13:06:36.270437,80,0.04004830033044386
1000002.4030037547,2025-10-13 13:06:36.270437,80,0.04392875444216838
1000002.4130162704,2025-10-13 13:06:36.270437,80,0.040998119900398755
1000002.423028786,2025-10-13 13:06:36.270437,80,0.04245552057181699
1000002.4330413017,2025-10-13 13:06:36.270437,80,0.04311674636044722
1000002.4430538173,2025-10-13 13:06:36.270437,80,0.04471059021364214
1000002.453066333,2025-10-13 13:06:36.270437,80,0.040789126865027656
1000002.4630788486,2025-10-13 13:06:36.270437,80,0.047192199526011815
1000002.4730913643,2025-10-13 13:06:36.270437,80,0.04796886549177384
1000002.4831038798,2025-10-13 13:06:36.270437,80,0.042518872407367986
1000002.4931163955,2025-10-13 13:06:36.270437,80,0.04582905178905556
1000002.5031289111,2025-10-13 13:06:36.270437,80,0.04855960211581511
1000002.5131414268,2025-10-13 13:06:36.270437,80,0.04756387110451315
1000002.5231539424,2025-10-13 13:06:36.270437,80,0.05010129234602907
1000002.533166458,2025-10-13 13:06:36.270437,80,0.04655946818678359
1000002.5431789737,2025-10-13 13:06:36.270437,80,0.04820720092691695
1000002.5531914893,2025-10-13 13:06:36.270437,80,0.048172928291028025
1000002.563204005,2025-10-13 13:06:36.270437,80,0.04754813601578898
1000002.5732165206,2025-10-13 13:06:36.270437,80,0.04865878107200044
1000002.5832290363,2025-10-13 13:06:36.270437,80,0.044442169377174476
1000002.5932415519,2025-10-13 13:06:36.270437,80,0.048352249022017436
1000002.6032540676,2025-10-13 13:06:36.270437,80,0.05435694604618725
1000002.6132665832,2025-10-13 13:06:36.270437,80,0.05577958096568776
1000002.6232790989,2025-10-13 13:06:36.270437,80,0.05269423766661757
1000002.6332916145,2025-10-13 13:06:36.270437,80,0.05131955987739102
1000002.6433041302,2025-10-13 13:06:36.270437,80,0.05240161684651275
1000002.6533166458,2025-10-13 13:06:36.270437,80,0.050167692397101483
1000002.6633291615,2025-10-13 13:06:36.270437,80,0.05107821243445289
1000002.6733416771,2025-10-13 13:06:36.270437,80,0.057592840413580156
1000002.6833541928,2025-10-13 13:06:36.270437,80,0.05351256413603829
1000002.6933667084,2025-10-13 13:06:36.270437,80,0.057807732360869016
1000002.703379224,2025-10-13 13:06:36.270437,80,0.055545725819090785
1000002.7133917396,2025-10-13 13:06:36.270437,80,0.0551603521950381
1000002.7234042553,2025-10-13 13:06:36.270437,80,0.05599399896637721
1000002.7334167709,2025-10-13 13:06:36.270437,80,0.061382503400757106
1000002.7434292866,2025-10-13 13:06:36.270437,80,0.05853769395253206
1000002.7534418022,2025-10-13 13:06:36.270437,80,0.0592431792760095
1000002.7634543179,2025-10-13 13:06:36.270437,80,0.05019154227711894
1000002.7734668335,2025-10-13 13:06:36.270437,80,0.053129054299816764
1000002.7834793492,2025-10-13 13:06:36.270437,80,0.05781695156336402
1000002.7934918648,2025-10-13 13:06:36.270437,80,0.06073835269143164
1000002.8035043805,2025-10-13 13:06:36.270437,80,0.06063190893963284
1000002.8135168961,2025-10-13 13:06:36.270437,80,0.057679905203642474
1000002.8235294118,2025-10-13 13:06:36.270437,80,0.05823788129461282
1000002.8335419274,2025-10-13 13:06:36.270437,80,0.06353256195092596
1000002.8435544431,2025-10-13 13:06:36.270437,80,0.06243669130365823
1000002.8535669587,2025-10-13 13:06:36.270437,80,0.06001061308824232
1000002.8635794744,2025-10-13 13:06:36.270437,80,0.05976471964225645
1000002.87359199,2025-10-13 13:06:36.270437,80,0.059161091977721875
1000002.8836045057,2025-10-13 13:06:36.270437,80,0.061678995598069664
1000002.8936170213,2025-10-13 13:06:36.270437,80,0.0596402949747511
1000002.903629537,2025-10-13 13:06:36.270437,80,0.06029259626126879
1000002.9136420526,2025-10-13 13:06:36.270437,80,0.06022907413251997
1000002.9236545683,2025-10-13 13:06:36.270437,80,0.0590915269567154
1000002.9336670839,2025-10-13 13:06:36.270437,80,0.06295497485491958
1000002.9436795996,2025-10-13 13:06:36.270437,80,0.061929402847825644
1000002.9536921151,2025-10-13 13:06:36.270437,80,0.060911993283730904
1000002.9637046307,2025-10-13 13:06:36.270437,80,0.06003756141835795
1000002.9737171464,2025-10-13 13:06:36.270437,80,0.06111636751162784
1000002.983729662,2025-10-13 13:06:36.270437,80,0.06419884975699276
1000002.9937421777,2025-10-13 13:06:36.270437,80,0.0623222761976369
1000003.0037546933,2025-10-13 13:06:36.270437,80,0.06306641712603887
1000003.013767209,2025-10-13 13:06:36.270437,80,0.06542770520945904
1000003.0237797246,2025-10-13 13:06:36.270437,80,0.06419120289903342
1000003.0337922403,2025-10-13 13:06:36.270437,80,0.06320188195617248
1000003.0438047559,2025-10-13 13:06:36.270437,80,0.061688605961665484
1000003.0538172716,2025-10-13 13:06:36.270437,80,0.06320743973185042
1000003.0638297872,2025-10-13 13:06:36.270437,80,0.06077786160380555
1000003.0738423029,2025-10-13 13:06:36.270437,80,0.06561076052292844
1000003.0838548185,2025-10-13 13:06:36.270437,80,0.06082674745107252
1000003.0938673342,2025-10-13 13:06:36.270437,80,0.05951559295184551
1000003.1038798498,2025-10-13 13:06:36.270437,80,0.06641514276268584
1000003.1138923655,2025-10-13 13:06:36.270437,80,0.06642706049559428
1000003.1239048811,2025-10-13 13:06:36.270437,80,0.06486705180153161
1000003.1339173968,2025-10-13 13:06:36.270437,80,0.06747948650386254
1000003.1439299124,2025-10-13 13:06:36.270437,80,0.06432784931717202
1000003.1539424281,2025-10-13 13:06:36.270437,80,0.06447715567457285
1000003.1639549437,2025-10-13 13:06:36.270437,80,0.06455027034977519
1000003.1739674594,2025-10-13 13:06:36.270437,80,0.06359052667067415
1000003.183979975,2025-10-13 13:06:36.270437,80,0.06390921028981265
1000003.1939924906,2025-10-13 13:06:36.270437,80,0.06892397002045202
1000003.2040050062,2025-10-13 13:06:36.270437,80,0.06652513672689732
1000003.2140175219,2025-10-13 13:06:36.270437,80,0.06731092297990768
1000003.2240300375,2025-10-13 13:06:36.270437,80,0.06387612559324299
1000003.2340425532,2025-10-13 13:06:36.270437,80,0.07055939094643691
1000003.2440550688,2025-10-13 13:06:36.270437,80,0.06481302560958398
1000003.2540675845,2025-10-13 13:06:36.270437,80,0.0675932134011488
1000003.2640801001,2025-10-13 13:06:36.270437,80,0.06459502634559468
1000003.2740926158,2025-10-13 13:06:36.270437,80,0.06641823190699339
1000003.2841051314,2025-10-13 13:06:36.270437,80,0.07002309565034187
1000003.2941176471,2025-10-13 13:06:36.270437,80,0.06607689370594085
1000003.3041301627,2025-10-13 13:06:36.270437,80,0.0632350907171912
1000003.3141426784,2025-10-13 13:06:36.270437,80,0.07025743227119755
1000003.324155194,2025-10-13 13:06:36.270437,80,0.06443085139662062
1000003.3341677097,2025-10-13 13:06:36.270437,80,0.0686692714820451
1000003.3441802253,2025-10-13 13:06:36.270437,80,0.0689580431787169
1000003.354192741,2025-10-13 13:06:36.270437,80,0.06148513245533934
1000003.3642052566,2025-10-13 13:06:36.270437,80,0.06908155538420722
1000003.3742177722,2025-10-13 13:06:36.270437,80,0.0653514141045822
1000003.3842302879,2025-10-13 13:06:36.270437,80,0.06752787205393565
1000003.3942428034,2025-10-13 13:06:36.270437,80,0.06943890100254992
1000003.4042553192,2025-10-13 13:06:36.270437,80,0.0676583122832827
1000003.4142678347,2025-10-13 13:06:36.270437,80,0.06922704013024879
1000003.4242803504,2025-10-13 13:06:36.270437,80,0.07126016360471116
1000003.434292866,2025-10-13 13:06:36.270437,80,0.06337922484423733
1000003.4443053817,2025-10-13 13:06:36.270437,80,0.0677557292890453
1000003.4543178973,2025-10-13 13:06:36.270437,80,0.06868003697680071
1000003.464330413,2025-10-13 13:06:36.270437,80,0.06876305355823394
1000003.4743429286,2025-10-13 13:06:36.270437,80,0.06927273608242948
1000003.4843554443,2025-10-13 13:06:36.270437,80,0.06617085507577028
1000003.4943679599,2025-10-13 13:06:36.270437,80,0.06413582090324098
1000003.5043804756,2025-10-13 13:06:36.270437,80,0.06408645256081187
1000003.5143929912,2025-10-13 13:06:36.270437,80,0.07011105180887195
1000003.5244055069,2025-10-13 13:06:36.270437,80,0.06847637457510701
1000003.5344180225,2025-10-13 13:06:36.270437,80,0.06949436249395897
1000003.5444305382,2025-10-13 13:06:36.270437,80,0.06821193360287939
1000003.5544430538,2025-10-13 13:06:36.270437,80,0.0680577156146757
1000003.5644555695,2025-10-13 13:06:36.270437,80,0.06861281682550571
1000003.5744680851,2025-10-13 13:06:36.270437,80,0.06964107133788923
1000003.5844806008,2025-10-13 13:06:36.270437,80,0.07142040044666806
1000003.5944931164,2025-10-13 13:06:36.270437,80,0.07020299819679914
1000003.6045056321,2025-10-13 13:06:36.270437,80,0.06849845613108227
1000003.6145181477,2025-10-13 13:06:36.270437,80,0.06972649962971023
1000003.6245306634,2025-10-13 13:06:36.270437,80,0.07261393989028381
1000003.634543179,2025-10-13 13:06:36.270437,80,0.07087725366844634
1000003.6445556947,2025-10-13 13:06:36.270437,80,0.07046016604403023
1000003.6545682102,2025-10-13 13:06:36.270437,80,0.06844412286220496
1000003.664580726,2025-10-13 13:06:36.270437,80,0.06875834676448093
1000003.6745932415,2025-10-13 13:06:36.270437,80,0.06921260864888182
1000003.6846057572,2025-10-13 13:06:36.270437,80,0.06546892137502092
1000003.6946182728,2025-10-13 13:06:36.270437,80,0.07407794172150378
1000003.7046307885,2025-10-13 13:06:36.270437,80,0.06965378165643434
1000003.7146433041,2025-10-13 13:06:36.270437,80,0.07088092483333269
1000003.7246558198,2025-10-13 13:06:36.270437,80,0.07005059286935218
1000003.7346683354,2025-10-13 13:06:36.270437,80,0.06892279082062082
1000003.7446808511,2025-10-13 13:06:36.270437,80,0.0653358007491308
1000003.7546933667,2025-10-13 13:06:36.270437,80,0.0700754060339168
1000003.7647058824,2025-10-13 13:06:36.270437,80,0.07002625060141572
1000003.774718398,2025-10-13 13:06:36.270437,80,0.06890388811183372
1000003.7847309137,2025-10-13 13:06:36.270437,80,0.06960581497582644
1000003.7947434293,2025-10-13 13:06:36.270437,80,0.07087436265763025
1000003.8047559449,2025-10-13 13:06:36.270437,80,0.06992152770898444
1000003.8147684606,2025-10-13 13:06:36.270437,80,0.07099764753480416
1000003.8247809762,2025-10-13 13:06:36.270437,80,0.0682461653076006
1000003.8347934919,2025-10-13 13:06:36.270437,80,0.06943014598745038
1000003.8448060075,2025-10-13 13:06:36.270437,80,0.07125072520447315
1000003.8548185232,2025-10-13 13:06:36.270437,80,0.07209235857901619
1000003.8648310388,2025-10-13 13:06:36.270437,80,0.0709086487839817
1000003.8748435545,2025-10-13 13:06:36.270437,80,0.07254631354985926
1000003.88485607,2025-10-13 13:06:36.270437,80,0.07011655798382677
1000003.8948685857,2025-10-13 13:06:36.270437,80,0.06916436235153788
1000003.9048811013,2025-10-13 13:06:36.270437,80,0.07221201812777657
1000003.914893617,2025-10-13 13:06:36.270437,80,0.06782622847979573
1000003.9249061326,2025-10-13 13:06:36.270437,80,0.07049028943661215
1000003.9349186483,2025-10-13 13:06:36.270437,80,0.07639881880360123
1000003.9449311639,2025-10-13 13:06:36.270437,80,0.06521351574574577
1000003.9549436796,2025-10-13 13:06:36.270437,80,0.07145296286268073
1000003.9649561952,2025-10-13 13:06:36.270437,80,0.0712016765129317
1000003.9749687109,2025-10-13 13:06:36.270437,80,0.07108591606618489
1000003.9849812265,2025-10-13 13:06:36.270437,80,0.07080961806705764
1000003.9949937422,2025-10-13 13:06:36.270437,80,0.07181379173674496
1000004.0050062578,2025-10-13 13:06:36.270437,140,0.0688683663976091
1000004.0150187735,2025-10-13 13:06:36.270437,140,0.07367303875055754
1000004.0250312891,2025-10-13 13:06:36.270437,140,0.07266981421636305
1000004.0350438048,2025-10-13 13:06:36.270437,140,0.0728304898768908
1000004.0450563204,2025-10-13 13:06:36.270437,140,0.07790772867816083
1000004.0550688361,2025-10-13 13:06:36.270437,140,0.07688779062388748
1000004.0650813517,2025-10-13 13:06:36.270437,140,0.07502211896347596
1000004.0750938674,2025-10-13 13:06:36.270437,140,0.07670156574618574
1000004.085106383,2025-10-13 13:06:36.270437,140,0.08202404352009478
1000004.0951188987,2025-10-13 13:06:36.270437,140,0.08136348638046628
1000004.1051314143,2025-10-13 13:06:36.270437,140,0.0831131189352059
1000004.11514393,2025-10-13 13:06:36.270437,140,0.08374203435461532
1000004.1251564455,2025-10-13 13:06:36.270437,140,0.0814140055136477
1000004.1351689612,2025-10-13 13:06:36.270437,140,0.0856167202872999
1000004.1451814768,2025-10-13 13:06:36.270437,140,0.08951399291281356
1000004.1551939925,2025-10-13 13:06:36.270437,140,0.08489469505818796
1000004.1652065081,2025-10-13 13:06:36.270437,140,0.0839311972280623
1000004.1752190238,2025-10-13 13:06:36.270437,140,0.08925315983964689
1000004.1852315394,2025-10-13 13:06:36.270437,140,0.08948589308367934
1000004.1952440551,2025-10-13 13:06:36.270437,140,0.08949453144318242
1000004.2052565707,2025-10-13 13:06:36.270437,140,0.09118827767136668
1000004.2152690863,2025-10-13 13:06:36.270437,140,0.0913106502372416
1000004.225281602,2025-10-13 13:06:36.270437,140,0.09210555591223309
1000004.2352941176,2025-10-13 13:06:36.270437,140,0.09271626272326632
1000004.2453066333,2025-10-13 13:06:36.270437,140,0.09383405026913526
1000004.2553191489,2025-10-13 13:06:36.270437,140,0.09621688679055103
1000004.2653316646,2025-10-13 13:06:36.270437,140,0.0935091479904625
1000004.2753441802,2025-10-13 13:06:36.270437,140,0.0928593729580358
1000004.2853566959,2025-10-13 13:06:36.270437,140,0.09804608708108764
1000004.2953692115,2025-10-13 13:06:36.270437,140,0.09617046683215322
1000004.3053817272,2025-10-13 13:06:36.270437,140,0.09617047884716959
1000004.3153942428,2025-10-13 13:06:36.270437,140,0.09780439553666631
1000004.3254067585,2025-10-13 13:06:36.270437,140,0.09675417573377787
1000004.335419274,2025-10-13 13:06:36.270437,140,0.09947949187823164
1000004.3454317898,2025-10-13 13:06:36.270437,140,0.09945425216980454
1000004.3554443053,2025-10-13 13:06:36.270437,140,0.10033628640600245
1000004.365456821,2025-10-13 13:06:36.270437,140,0.10232937460212385
1000004.3754693366,2025-10-13 13:06:36.270437,140,0.09811785891084582
1000004.3854818523,2025-10-13 13:06:36.270437,140,0.10093037300116245
1000004.3954943679,2025-10-13 13:06:36.270437,140,0.10300291366826629
1000004.4055068836,2025-10-13 13:06:36.270437,140,0.10333404553408171
1000004.4155193992,2025-10-13 13:06:36.270437,140,0.10066910292034122
1000004.4255319149,2025-10-13 13:06:36.270437,140,0.10548665863229305
1000004.4355444305,2025-10-13 13:06:36.270437,140,0.10180769858018261
1000004.4455569462,2025-10-13 13:06:36.270437,140,0.10401831739127537
1000004.4555694618,2025-10-13 13:06:36.270437,140,0.10250635131806243
1000004.4655819775,2025-10-13 13:06:36.270437,140,0.10475799104715292
1000004.4755944931,2025-10-13 13:06:36.270437,140,0.10402890986728106
1000004.4856070088,2025-10-13 13:06:36.270437,140,0.10605111380587327
1000004.4956195244,2025-10-13 13:06:36.270437,140,0.10512668803607525
1000004.5056320401,2025-10-13 13:06:36.270437,140,0.1062758282725638
1000004.5156445557,2025-10-13 13:06:36.270437,140,0.10665482266556249
1000004.5256570714,2025-10-13 13:06:36.270437,140,0.10709690647185018
1000004.535669587,2025-10-13 13:06:36.270437,140,0.1082807101004358
1000004.5456821027,2025-10-13 13:06:36.270437,140,0.10573858758470164
1000004.5556946183,2025-10-13 13:06:36.270437,140,0.10894617754646492
1000004.565707134,2025-10-13 13:06:36.270437,140,0.10750759946908778
1000004.5757196496,2025-10-13 13:06:36.270437,140,0.10542720446517821
1000004.5857321653,2025-10-13 13:06:36.270437,140,0.10747804712913384
1000004.5957446808,2025-10-13 13:06:36.270437,140,0.11056163389392301
1000004.6057571966,2025-10-13 13:06:36.270437,140,0.111510807654095
1000004.6157697121,2025-10-13 13:06:36.270437,140,0.11025388759000763
1000004.6257822278,2025-10-13 13:06:36.270437,140,0.11258187297748011
1000004.6357947434,2025-10-13 13:06:36.270437,140,0.10755409648275677
1000004.645807259,2025-10-13 13:06:36.270437,140,0.1106234957824346
1000004.6558197747,2025-10-13 13:06:36.270437,140,0.10926094043375784
1000004.6658322903,2025-10-13 13:06:36.270437,140,0.10949092701542422
1000004.675844806,2025-10-13 13:06:36.270437,140,0.11188521875411259
1000004.6858573216,2025-10-13 13:06:36.270437,140,0.10905644836357684
1000004.6958698373,2025-10-13 13:06:36.270437,140,0.1125729917249324
1000004.7058823529,2025-10-13 13:06:36.270437,140,0.11448466557067392
1000004.7158948686,2025-10-13 13:06:36.270437,140,0.11183538254150749
1000004.7259073842,2025-10-13 13:06:36.270437,140,0.11728871595558078
1000004.7359198999,2025-10-13 13:06:36.270437,140,0.1100327394004516
1000004.7459324155,2025-10-13 13:06:36.270437,140,0.1143722355031466
1000004.7559449312,2025-10-13 13:06:36.270437,140,0.11773419195949777
1000004.7659574468,2025-10-13 13:06:36.270437,140,0.11488334543090208
1000004.7759699625,2025-10-13 13:06:36.270437,140,0.11655289652885165
1000004.7859824781,2025-10-13 13:06:36.270437,140,0.11303804786027219
1000004.7959949938,2025-10-13 13:06:36.270437,140,0.11604413754352906
1000004.8060075094,2025-10-13 13:06:36.270437,140,0.117491270366522
1000004.816020025,2025-10-13 13:06:36.270437,140,0.11306832511046139
1000004.8260325406,2025-10-13 13:06:36.270437,140,0.11295535732363507
1000004.8360450563,2025-10-13 13:06:36.270437,140,0.11460234762315559
1000004.8460575719,2025-10-13 13:06:36.270437,140,0.11628537534772111
1000004.8560700876,2025-10-13 13:06:36.270437,140,0.11440117447512808
1000004.8660826032,2025-10-13 13:06:36.270437,140,0.1138460207919465
1000004.8760951189,2025-10-13 13:06:36.270437,140,0.11996817069028809
1000004.8861076345,2025-10-13 13:06:36.270437,140,0.11617909449168
1000004.8961201502,2025-10-13 13:06:36.270437,140,0.11885226707064375
1000004.9061326658,2025-10-13 13:06:36.270437,140,0.11718054327506398
1000004.9161451815,2025-10-13 13:06:36.270437,140,0.11515890957290313
1000004.9261576971,2025-10-13 13:06:36.270437,140,0.11709164233117748
1000004.9361702128,2025-10-13 13:06:36.270437,140,0.11723763397767634
1000004.9461827284,2025-10-13 13:06:36.270437,140,0.11570017697969467
1000004.9561952441,2025-10-13 13:06:36.270437,140,0.1160674108389913
1000004.9662077597,2025-10-13 13:06:36.270437,140,0.12056316779231742
1000004.9762202754,2025-10-13 13:06:36.270437,140,0.12146866541854248
1000004.986232791,2025-10-13 13:06:36.270437,140,0.122422171976535
1000004.9962453067,2025-10-13 13:06:36.270437,140,0.11610899988360276
1000005.0062578223,2025-10-13 13:06:36.270437,140,0.11794215020427772
1000005.016270338,2025-10-13 13:06:36.270437,140,0.11757827349386932
1000005.0262828536,2025-10-13 13:06:36.270437,140,0.1190557896432233
1000005.0362953693,2025-10-13 13:06:36.270437,140,0.11751151474025366
1000005.0463078849,2025-10-13 13:06:36.270437,140,0.11940935460338152
1000005.0563204004,2025-10-13 13:06:36.270437,140,0.12122576870265966
1000005.0663329161,2025-10-13 13:06:36.270437,140,0.12206292509020678
1000005.0763454317,2025-10-13 13:06:36.270437,140,0.11863892893295981
1000005.0863579474,2025-10-13 13:06:36.270437,140,0.12114790202076936
1000005.096370463,2025-10-13 13:06:36.270437,140,0.12448884021583832
1000005.1063829787,2025-10-13 13:06:36.270437,140,0.12460617014281046
1000005.1163954943,2025-10-13 13:06:36.270437,140,0.12399120344237305
1000005.12640801,2025-10-13 13:06:36.270437,140,0.11837240747690816
1000005.1364205256,2025-10-13 13:06:36.270437,140,0.123840595822114
1000005.1464330413,2025-10-13 13:06:36.270437,140,0.12019479290395048
1000005.1564455569,2025-10-13 13:06:36.270437,140,0.11977684954969184
1000005.1664580726,2025-10-13 13:06:36.270437,140,0.11709792060833404
1000005.1764705882,2025-10-13 13:06:36.270437,140,0.12443000952733711
1000005.1864831039,2025-10-13 13:06:36.270437,140,0.1204270834570043
1000005.1964956195,2025-10-13 13:06:36.270437,140,0.11971916629356497
1000005.2065081352,2025-10-13 13:06:36.270437,140,0.12137021584130664
1000005.2165206508,2025-10-13 13:06:36.270437,140,0.1226851990121789
1000005.2265331665,2025-10-13 13:06:36.270437,140,0.12074921552760133
1000005.2365456821,2025-10-13 13:06:36.270437,140,0.12323337833499995
1000005.2465581978,2025-10-13 13:06:36.270437,140,0.12330199508200745
1000005.2565707134,2025-10-13 13:06:36.270437,140,0.12391583851244901
1000005.2665832291,2025-10-13 13:06:36.270437,140,0.12379102367093277
1000005.2765957447,2025-10-13 13:06:36.270437,140,0.12233779897911616
1000005.2866082604,2025-10-13 13:06:36.270437,140,0.1256819090056155
1000005.296620776,2025-10-13 13:06:36.270437,140,0.12256716383775484
1000005.3066332916,2025-10-13 13:06:36.270437,140,0.12165263103064902
1000005.3166458072,2025-10-13 13:06:36.270437,140,0.12212134515891054
1000005.3266583229,2025-10-13 13:06:36.270437,140,0.11922357692291294
1000005.3366708385,2025-10-13 13:06:36.270437,140,0.12138830669037395
1000005.3466833542,2025-10-13 13:06:36.270437,140,0.12375521869727792
1000005.3566958698,2025-10-13 13:06:36.270437,140,0.12454111082782522
1000005.3667083855,2025-10-13 13:06:36.270437,140,0.12013624420746169
1000005.3767209011,2025-10-13 13:06:36.270437,140,0.11999202012379075
1000005.3867334168,2025-10-13 13:06:36.270437,140,0.12207681543371844
1000005.3967459324,2025-10-13 13:06:36.270437,140,0.12210522648297441
1000005.4067584481,2025-10-13 13:06:36.270437,140,0.12202692204132636
1000005.4167709637,2025-10-13 13:06:36.270437,140,0.12180467195487875
1000005.4267834794,2025-10-13 13:06:36.270437,140,0.12411145386479189
1000005.436795995,2025-10-13 13:06:36.270437,140,0.12097935966304925
1000005.4468085107,2025-10-13 13:06:36.270437,140,0.11901531472105009
1000005.4568210263,2025-10-13 13:06:36.270437,140,0.12333772317368671
1000005.466833542,2025-10-13 13:06:36.270437,140,0.12094098472486702
1000005.4768460576,2025-10-13 13:06:36.270437,140,0.12221479569122251
1000005.4868585732,2025-10-13 13:06:36.270437,140,0.1184187310261745
1000005.4968710889,2025-10-13 13:06:36.270437,140,0.12119235277916884
1000005.5068836045,2025-10-13 13:06:36.270437,140,0.12268389859778747
1000005.5168961202,2025-10-13 13:06:36.270437,140,0.12204360118615797
1000005.5269086357,2025-10-13 13:06:36.270437,140,0.12278484213716014
1000005.5369211514,2025-10-13 13:06:36.270437,140,0.12217892878990139
1000005.546933667,2025-10-13 13:06:36.270437,140,0.12710192386956737
1000005.5569461827,2025-10-13 13:06:36.270437,140,0.12310145821694396
1000005.5669586983,2025-10-13 13:06:36.270437,140,0.12270595570085115
1000005.576971214,2025-10-13 13:06:36.270437,140,0.12661044640235572
1000005.5869837296,2025-10-13 13:06:36.270437,140,0.12664730449880537
1000005.5969962453,2025-10-13 13:06:36.270437,140,0.12451211399437319
1000005.6070087609,2025-10-13 13:06:36.270437,140,0.12671864111773967
1000005.6170212766,2025-10-13 13:06:36.270437,140,0.12583727482941223
1000005.6270337922,2025-10-13 13:06:36.270437,140,0.12490319848057999
1000005.6370463079,2025-10-13 13:06:36.270437,140,0.12598973558639112
1000005.6470588235,2025-10-13 13:06:36.270437,140,0.12012824489545024
1000005.6570713392,2025-10-13 13:06:36.270437,140,0.12612301674433649
1000005.6670838548,2025-10-13 13:06:36.270437,140,0.12473519718433225
1000005.6770963705,2025-10-13 13:06:36.270437,140,0.1235576935852001
1000005.6871088861,2025-10-13 13:06:36.270437,140,0.12196145318962132
1000005.6971214018,2025-10-13 13:06:36.270437,140,0.12284836153120364
1000005.7071339174,2025-10-13 13:06:36.270437,140,0.12443398763300655
1000005.7171464331,2025-10-13 13:06:36.270437,140,0.12425329374682725
1000005.7271589487,2025-10-13 13:06:36.270437,140,0.12255355889592633
1000005.7371714644,2025-10-13 13:06:36.270437,140,0.12551618974372605
1000005.74718398,2025-10-13 13:06:36.270437,140,0.12455887880209965
1000005.7571964957,2025-10-13 13:06:36.270437,140,0.12448876234037622
1000005.7672090112,2025-10-13 13:06:36.270437,140,0.12049301490117129
1000005.777221527,2025-10-13 13:06:36.270437,140,0.12621456534372735
1000005.7872340425,2025-10-13 13:06:36.270437,140,0.12246818821316818
1000005.7972465582,2025-10-13 13:06:36.270437,140,0.12596074988011918
1000005.8072590738,2025-10-13 13:06:36.270437,140,0.12334058019336079
1000005.8172715895,2025-10-13 13:06:36.270437,140,0.12561430677542637
1000005.8272841051,2025-10-13 13:06:36.270437,140,0.12431242170787832
1000005.8372966208,2025-10-13 13:06:36.270437,140,0.12192317616535696
1000005.8473091364,2025-10-13 13:06:36.270437,140,0.12664981397319888
1000005.8573216521,2025-10-13 13:06:36.270437,140,0.1257371154407747
1000005.8673341677,2025-10-13 13:06:36.270437,140,0.12323055456150327
1000005.8773466834,2025-10-13 13:06:36.270437,140,0.12804209679513032
1000005.887359199,2025-10-13 13:06:36.270437,140,0.12784834848766408
1000005.8973717146,2025-10-13 13:06:36.270437,140,0.1218145667404079
1000005.9073842303,2025-10-13 13:06:36.270437,140,0.12420214214256917
1000005.9173967459,2025-10-13 13:06:36.270437,140,0.12617890720151959
1000005.9274092616,2025-10-13 13:06:36.270437,140,0.1226702157224727
1000005.9374217772,2025-10-13 13:06:36.270437,140,0.12374097693327968
1000005.9474342929,2025-10-13 13:06:36.270437,140,0.1235445934915127
1000005.9574468085,2025-10-13 13:06:36.270437,140,0.12444976251948144
1000005.9674593242,2025-10-13 13:06:36.270437,140,0.1219658731268172
1000005.9774718398,2025-10-13 13:06:36.270437,140,0.1272586333043342
1000005.9874843555,2025-10-13 13:06:36.270437,140,0.12384365903219854
1000005.997496871,2025-10-13 13:06:36.270437,140,0.1265350331060918
1000006.0075093867,2025-10-13 13:06:36.270437,200,0.12625680147121676
1000006.0175219023,2025-10-13 13:06:36.270437,200,0.1256791966587752
1000006.027534418,2025-10-13 13:06:36.270437,200,0.12321372903077536
1000006.0375469336,2025-10-13 13:06:36.270437,200,0.1303832475274107
1000006.0475594493,2025-10-13 13:06:36.270437,200,0.12865456439646936
1000006.0575719649,2025-10-13 13:06:36.270437,200,0.1304693519411593
1000006.0675844806,2025-10-13 13:06:36.270437,200,0.12944375302298652
1000006.0775969962,2025-10-13 13:06:36.270437,200,0.1344038843616769
1000006.0876095119,2025-10-13 13:06:36.270437,200,0.13469063228614747
1000006.0976220275,2025-10-13 13:06:36.270437,200,0.1355750083067646
1000006.1076345432,2025-10-13 13:06:36.270437,200,0.13725097483977308
1000006.1176470588,2025-10-13 13:06:36.270437,200,0.1378189777519244
1000006.1276595745,2025-10-13 13:06:36.270437,200,0.14002552450093428
1000006.1376720901,2025-10-13 13:06:36.270437,200,0.13803188772975405
1000006.1476846058,2025-10-13 13:06:36.270437,200,0.13975654212774166
1000006.1576971214,2025-10-13 13:06:36.270437,200,0.1436783029205693
1000006.1677096371,2025-10-13 13:06:36.270437,200,0.141103287823053
1000006.1777221527,2025-10-13 13:06:36.270437,200,0.14138070171702263
1000006.1877346684,2025-10-13 13:06:36.270437,200,0.14285988565104185
1000006.197747184,2025-10-13 13:06:36.270437,200,0.144129221646944
1000006.2077596997,2025-10-13 13:06:36.270437,200,0.1437816832956193
1000006.2177722153,2025-10-13 13:06:36.270437,200,0.14182565479328516
1000006.227784731,2025-10-13 13:06:36.270437,200,0.143910403702238
1000006.2377972465,2025-10-13 13:06:36.270437,200,0.1476264924424478
1000006.2478097623,2025-10-13 13:06:36.270437,200,0.1436822498502391
1000006.2578222778,2025-10-13 13:06:36.270437,200,0.14640014272871096
1000006.2678347935,2025-10-13 13:06:36.270437,200,0.1481856001246455
1000006.2778473091,2025-10-13 13:06:36.270437,200,0.14987632040897822
1000006.2878598248,2025-10-13 13:06:36.270437,200,0.1481638792589765
1000006.2978723404,2025-10-13 13:06:36.270437,200,0.14960191700703554
1000006.3078848561,2025-10-13 13:06:36.270437,200,0.15223478763727108
1000006.3178973717,2025-10-13 13:06:36.270437,200,0.14576581550217357
1000006.3279098873,2025-10-13 13:06:36.270437,200,0.14983567214561702
1000006.337922403,2025-10-13 13:06:36.270437,200,0.1561853313341938
1000006.3479349186,2025-10-13 13:06:36.270437,200,0.15209933932703443
1000006.3579474343,2025-10-13 13:06:36.270437,200,0.15511228342132755
1000006.3679599499,2025-10-13 13:06:36.270437,200,0.15268371792673513
1000006.3779724656,2025-10-13 13:06:36.270437,200,0.15205850594583867
1000006.3879849812,2025-10-13 13:06:36.270437,200,0.15769177634431414
1000006.3979974969,2025-10-13 13:06:36.270437,200,0.1534151838211259
1000006.4080100125,2025-10-13 13:06:36.270437,200,0.15395820028228463
1000006.4180225282,2025-10-13 13:06:36.270437,200,0.15584346372644803
1000006.4280350438,2025-10-13 13:06:36.270437,200,0.15625640458131645
1000006.4380475595,2025-10-13 13:06:36.270437,200,0.1571259713057893
1000006.448060075,2025-10-13 13:06:36.270437,200,0.16068086641820895
1000006.4580725908,2025-10-13 13:06:36.270437,200,0.15757309503814854
1000006.4680851063,2025-10-13 13:06:36.270437,200,0.16096273247084059
1000006.478097622,2025-10-13 13:06:36.270437,200,0.1568189519493247
1000006.4881101376,2025-10-13 13:06:36.270437,200,0.16001185585044198
1000006.4981226533,2025-10-13 13:06:36.270437,200,0.15759707100129577
1000006.5081351689,2025-10-13 13:06:36.270437,200,0.16166989157047956
1000006.5181476846,2025-10-13 13:06:36.270437,200,0.16309216167369545
1000006.5281602002,2025-10-13 13:06:36.270437,200,0.16111609091963458
1000006.5381727159,2025-10-13 13:06:36.270437,200,0.159795883191503
1000006.5481852315,2025-10-13 13:06:36.270437,200,0.16310140453845823
1000006.5581977472,2025-10-13 13:06:36.270437,200,0.16102832737006248
1000006.5682102628,2025-10-13 13:06:36.270437,200,0.16453994122657348
1000006.5782227785,2025-10-13 13:06:36.270437,200,0.16251871724126868
1000006.5882352941,2025-10-13 13:06:36.270437,200,0.16455700485884128
1000006.5982478098,2025-10-13 13:06:36.270437,200,0.16190307723950562
1000006.6082603254,2025-10-13 13:06:36.270437,200,0.16639214771995448
1000006.6182728411,2025-10-13 13:06:36.270437,200,0.16225361616837022
1000006.6282853567,2025-10-13 13:06:36.270437,200,0.1652106359972256
1000006.6382978724,2025-10-13 13:06:36.270437,200,0.16426401883590436
1000006.648310388,2025-10-13 13:06:36.270437,200,0.16310981688239684
1000006.6583229037,2025-10-13 13:06:36.270437,200,0.1652734077235872
1000006.6683354193,2025-10-13 13:06:36.270437,200,0.16501144586821576
1000006.678347935,2025-10-13 13:06:36.270437,200,0.16611699560907636
1000006.6883604506,2025-10-13 13:06:36.270437,200,0.16624414507922583
1000006.6983729663,2025-10-13 13:06:36.270437,200,0.16102740467775317
1000006.7083854818,2025-10-13 13:06:36.270437,200,0.16925581415669796
1000006.7183979976,2025-10-13 13:06:36.270437,200,0.16756070816417462
1000006.7284105131,2025-10-13 13:06:36.270437,200,0.1655141478812742
1000006.7384230287,2025-10-13 13:06:36.270437,200,0.16867572115911547
1000006.7484355444,2025-10-13 13:06:36.270437,200,0.1692921190476085
1000006.75844806,2025-10-13 13:06:36.270437,200,0.16689904479525294
1000006.7684605757,2025-10-13 13:06:36.270437,200,0.16576041581643722
1000006.7784730913,2025-10-13 13:06:36.270437,200,0.17026800375185294
1000006.788485607,2025-10-13 13:06:36.270437,200,0.16921238099074626
1000006.7984981226,2025-10-13 13:06:36.270437,200,0.16822148041832166
1000006.8085106383,2025-10-13 13:06:36.270437,200,0.1689763743958069
1000006.8185231539,2025-10-13 13:06:36.270437,200,0.17009270944989788
1000006.8285356696,2025-10-13 13:06:36.270437,200,0.16897704030670158
1000006.8385481852,2025-10-13 13:06:36.270437,200,0.17266537407559523
1000006.8485607009,2025-10-13 13:06:36.270437,200,0.1735989251368171
1000006.8585732165,2025-10-13 13:06:36.270437,200,0.17142318801683262
1000006.8685857322,2025-10-13 13:06:36.270437,200,0.16985718448527096
1000006.8785982478,2025-10-13 13:06:36.270437,200,0.1708054723182182
1000006.8886107635,2025-10-13 13:06:36.270437,200,0.17002516452651595
1000006.8986232791,2025-10-13 13:06:36.270437,200,0.1731113516546266
1000006.9086357948,2025-10-13 13:06:36.270437,200,0.16790392646783348
1000006.9186483104,2025-10-13 13:06:36.270437,200,0.16957517835839994
1000006.9286608261,2025-10-13 13:06:36.270437,200,0.1724795135186646
1000006.9386733416,2025-10-13 13:06:36.270437,200,0.1718539151626082
1000006.9486858574,2025-10-13 13:06:36.270437,200,0.17236971462739628
1000006.9586983729,2025-10-13 13:06:36.270437,200,0.17319399034177627
1000006.9687108886,2025-10-13 13:06:36.270437,200,0.17113291964211597
1000006.9787234042,2025-10-13 13:06:36.270437,200,0.17319952067994246
1000006.9887359199,2025-10-13 13:06:36.270437,200,0.16935816900342787
1000006.9987484355,2025-10-13 13:06:36.270437,200,0.17643417310510154
1000007.0087609512,2025-10-13 13:06:36.270437,200,0.16880198057949058
1000007.0187734668,2025-10-13 13:06:36.270437,200,0.173300924220549
1000007.0287859825,2025-10-13 13:06:36.270437,200,0.17379147075268297
1000007.0387984981,2025-10-13 13:06:36.270437,200,0.1742293898797813
1000007.0488110138,2025-10-13 13:06:36.270437,200,0.17449992641174356
1000007.0588235294,2025-10-13 13:06:36.270437,200,0.17481084279958492
1000007.0688360451,2025-10-13 13:06:36.270437,200,0.17501235568289802
1000007.0788485607,2025-10-13 13:06:36.270437,200,0.1707657325650705
1000007.0888610764,2025-10-13 13:06:36.270437,200,0.17767630280767469
1000007.098873592,2025-10-13 13:06:36.270437,200,0.1778967445451156
1000007.1088861077,2025-10-13 13:06:36.270437,200,0.1741188092124934
1000007.1188986233,2025-10-13 13:06:36.270437,200,0.17218404871631743
1000007.128911139,2025-10-13 13:06:36.270437,200,0.1730149565050679
1000007.1389236546,2025-10-13 13:06:36.270437,200,0.1745947277603945
1000007.1489361703,2025-10-13 13:06:36.270437,200,0.17136299789499918
1000007.1589486859,2025-10-13 13:06:36.270437,200,0.17591118795639984
1000007.1689612014,2025-10-13 13:06:36.270437,200,0.17383626864714274
1000007.1789737171,2025-10-13 13:06:36.270437,200,0.17803464682519032
1000007.1889862327,2025-10-13 13:06:36.270437,200,0.1749196830692433
1000007.1989987484,2025-10-13 13:06:36.270437,200,0.17525861210315952
1000007.209011264,2025-10-13 13:06:36.270437,200,0.1708098815582199
1000007.2190237797,2025-10-13 13:06:36.270437,200,0.1739960288142169
1000007.2290362953,2025-10-13 13:06:36.270437,200,0.17720902945363942
1000007.239048811,2025-10-13 13:06:36.270437,200,0.17906386312063216
1000007.2490613266,2025-10-13 13:06:36.270437,200,0.17543178202456577
1000007.2590738423,2025-10-13 13:06:36.270437,200,0.1795317305799346
1000007.2690863579,2025-10-13 13:06:36.270437,200,0.18014451959258
1000007.2790988736,2025-10-13 13:06:36.270437,200,0.17785271278907522
1000007.2891113892,2025-10-13 13:06:36.270437,200,0.1766799021261941
1000007.2991239049,2025-10-13 13:06:36.270437,200,0.17454513441267808
1000007.3091364205,2025-10-13 13:06:36.270437,200,0.17692345551475835
1000007.3191489362,2025-10-13 13:06:36.270437,200,0.17544494374041525
1000007.3291614518,2025-10-13 13:06:36.270437,200,0.17518288077456137
1000007.3391739675,2025-10-13 13:06:36.270437,200,0.17498337135793243
1000007.3491864831,2025-10-13 13:06:36.270437,200,0.17822002773000406
1000007.3591989988,2025-10-13 13:06:36.270437,200,0.17415455134390717
1000007.3692115144,2025-10-13 13:06:36.270437,200,0.17812758637403478
1000007.3792240301,2025-10-13 13:06:36.270437,200,0.1781923032885863
1000007.3892365457,2025-10-13 13:06:36.270437,200,0.17547169958084052
1000007.3992490614,2025-10-13 13:06:36.270437,200,0.17565493579236785
1000007.409261577,2025-10-13 13:06:36.270437,200,0.17519939892177278
1000007.4192740927,2025-10-13 13:06:36.270437,200,0.17517159556408018
1000007.4292866082,2025-10-13 13:06:36.270437,200,0.17236165917401744
1000007.439299124,2025-10-13 13:06:36.270437,200,0.17964002499822296
1000007.4493116395,2025-10-13 13:06:36.270437,200,0.17438580856944802
1000007.4593241552,2025-10-13 13:06:36.270437,200,0.17758281454179886
1000007.4693366708,2025-10-13 13:06:36.270437,200,0.17880735164674727
1000007.4793491865,2025-10-13 13:06:36.270437,200,0.1792207055653255
1000007.4893617021,2025-10-13 13:06:36.270437,200,0.18100514736113416
1000007.4993742178,2025-10-13 13:06:36.270437,200,0.1784067050174195
1000007.5093867334,2025-10-13 13:06:36.270437,200,0.17538852314435943
1000007.5193992491,2025-10-13 13:06:36.270437,200,0.17918562350953274
1000007.5294117647,2025-10-13 13:06:36.270437,200,0.18180150854748622
1000007.5394242804,2025-10-13 13:06:36.270437,200,0.1770606129097152
1000007.549436796,2025-10-13 13:06:36.270437,200,0.1766710509616758
1000007.5594493117,2025-10-13 13:06:36.270437,200,0.17729612369119863
1000007.5694618273,2025-10-13 13:06:36.270437,200,0.17962868434158294
1000007.5794743429,2025-10-13 13:06:36.270437,200,0.18001278235931173
1000007.5894868586,2025-10-13 13:06:36.270437,200,0.17696070323869512
1000007.5994993742,2025-10-13 13:06:36.270437,200,0.17929005842359313
1000007.6095118899,2025-10-13 13:06:36.270437,200,0.17752278624788717
1000007.6195244055,2025-10-13 13:06:36.270437,200,0.18049256160938248
1000007.6295369212,2025-10-13 13:06:36.270437,200,0.17574945732474515
1000007.6395494367,2025-10-13 13:06:36.270437,200,0.1767663995030094
1000007.6495619525,2025-10-13 13:06:36.270437,200,0.17387717900803965
1000007.659574468,2025-10-13 13:06:36.270437,200,0.17673852743781715
1000007.6695869837,2025-10-13 13:06:36.270437,200,0.1814787623311918
1000007.6795994993,2025-10-13 13:06:36.270437,200,0.1819080351466848
1000007.689612015,2025-10-13 13:06:36.270437,200,0.1793191727508962
1000007.6996245306,2025-10-13 13:06:36.270437,200,0.18221225905354696
1000007.7096370463,2025-10-13 13:06:36.270437,200,0.17987091226557517
1000007.7196495619,2025-10-13 13:06:36.270437,200,0.17774033967917519
1000007.7296620776,2025-10-13 13:06:36.270437,200,0.18126878546578623
1000007.7396745932,2025-10-13 13:06:36.270437,200,0.18070242865723374
1000007.7496871089,2025-10-13 13:06:36.270437,200,0.1789352403749536
1000007.7596996245,2025-10-13 13:06:36.270437,200,0.17554227270767964
1000007.7697121402,2025-10-13 13:06:36.270437,200,0.18017772492740253
1000007.7797246558,2025-10-13 13:06:36.270437,200,0.17795237328890234
1000007.7897371715,2025-10-13 13:06:36.270437,200,0.1769491878439679
1000007.7997496871,2025-10-13 13:06:36.270437,200,0.1797337676556442
1000007.8097622028,2025-10-13 13:06:36.270437,200,0.17628157781987674
1000007.8197747184,2025-10-13 13:06:36.270437,200,0.17982890225513193
1000007.8297872341,2025-10-13 13:06:36.270437,200,0.18077813418100294
1000007.8397997497,2025-10-13 13:06:36.270437,200,0.18132401854578936
1000007.8498122654,2025-10-13 13:06:36.270437,200,0.1789554677286888
1000007.859824781,2025-10-13 13:06:36.270437,200,0.18072410672929146
1000007.8698372967,2025-10-13 13:06:36.270437,200,0.1789595020363065
1000007.8798498122,2025-10-13 13:06:36.270437,200,0.1758265989812151
1000007.889862328,2025-10-13 13:06:36.270437,200,0.1782845366108539
1000007.8998748435,2025-10-13 13:06:36.270437,200,0.178977976229492
1000007.9098873592,2025-10-13 13:06:36.270437,200,0.17854816655046626
1000007.9198998748,2025-10-13 13:06:36.270437,200,0.1764575665605473
1000007.9299123905,2025-10-13 13:06:36.270437,200,0.17948966618209147
1000007.9399249061,2025-10-13 13:06:36.270437,200,0.17704588640167268
1000007.9499374218,2025-10-13 13:06:36.270437,200,0.1799772067507652
1000007.9599499374,2025-10-13 13:06:36.270437,200,0.1795187577997671
1000007.9699624531,2025-10-13 13:06:36.270437,200,0.17848767664602763
1000007.9799749687,2025-10-13 13:06:36.270437,200,0.18149620708883696
1000007.9899874844,2025-10-13 13:06:36.270437,200,0.17993470975698603
1000008.0,2025-10-13 13:06:36.270437,200,0.1811473796139809
